frame1, frame2, tx, ty, tz, r11, r12, r13, r21, r22, r23, r31, r32, r33
0,1,0.00145645,-0.00854583,-0.00283851,1,0.0008759,-0.000427105,-0.000873807,0.999988,0.0048768,0.000431372,-0.00487643,0.999988
1,2,-0.00245736,0.00638702,0.0021383,1,0.000171063,0.000829736,-0.000168062,0.999993,-0.0036152,-0.000830349,0.00361506,0.999993
2,3,-0.00103993,-0.000256261,0.00104667,1,-0.000942454,0.000129692,0.000942396,0.999999,0.000444682,-0.000130111,-0.000444559,1
3,4,-0.00359301,-0.00842472,-0.00837449,0.999987,0.00305383,0.00399297,-0.00306971,0.999987,0.00397602,-0.00398078,-0.00398823,0.999984
4,5,0.000310031,2.11792e-05,0.00165087,0.999999,-0.00123697,-0.000262455,0.00123706,0.999999,0.000353488,0.000262017,-0.000353812,1
5,6,-0.00345486,0.00782824,0.000701548,0.999998,-0.0010021,0.00177576,0.00101012,0.999989,-0.00452089,-0.00177121,0.00452267,0.999988
6,7,0.000343073,0.00107383,0.00243891,0.999998,-0.0016856,-0.000985619,0.00168516,0.999998,-0.000444095,0.000986366,0.000442434,0.999999
7,8,0.00266844,-0.00354657,-0.00117855,0.999999,0.000864662,-0.00136117,-0.000861577,0.999997,0.00226527,0.00136312,-0.0022641,0.999997
8,9,0.000960014,0.00186212,-0.00238465,1,8.27663e-05,4.6215e-06,-8.27598e-05,0.999999,-0.0013973,-4.73715e-06,0.0013973,0.999999
9,10,0.00110437,0.00483266,0.00344477,0.999996,-0.00205891,-0.00190695,0.00205426,0.999995,-0.00243791,0.00191196,0.00243399,0.999995
10,11,0.000680844,-0.00742759,-0.00367918,0.999995,0.00307452,0.00096332,-0.00307801,0.999989,0.00364894,-0.00095209,-0.00365189,0.999993
11,12,-4.87085e-05,0.0067554,0.00459947,0.999994,-0.00327475,-0.000960693,0.00327168,0.99999,-0.00318474,0.000971112,0.00318158,0.999994
12,13,-0.000556975,-0.00146948,-3.24976e-05,0.999998,0.00171188,0.000783424,-0.00171279,0.999998,0.00116563,-0.000781427,-0.00116697,0.999999
13,14,-0.00178771,0.00512855,-0.00197215,0.999999,-0.000280235,0.00167365,0.000285418,0.999995,-0.00309726,-0.00167278,0.00309773,0.999994
14,15,0.000745983,-0.00156936,0.000721566,1,-0.000440191,-0.000835949,0.000440799,1,0.000726943,0.000835628,-0.000727311,0.999999
15,16,-0.00365115,-0.00139851,0.00102285,0.999998,-0.000449787,0.00174524,0.000447861,0.999999,0.00110358,-0.00174573,-0.0011028,0.999998
16,17,0.00404964,0.00571734,0.00166166,0.999997,-0.00077101,-0.00250161,0.000763264,0.999995,-0.00309593,0.00250398,0.00309401,0.999992
17,18,-0.0023324,-0.00311768,0.00121047,0.999999,0.000525774,0.00123746,-0.00052782,0.999998,0.00165349,-0.00123659,-0.00165414,0.999998
18,19,-0.00212618,0.00423275,-0.000625938,0.999998,0.000814055,0.00161256,-0.000810032,0.999997,-0.00249394,-0.00161458,0.00249263,0.999996
19,20,0.000184415,0.000602796,0.00256589,0.999999,-0.00106591,-0.000698117,0.00106591,0.999999,-9.96718e-06,0.000698128,9.22304e-06,1
20,21,0.00154191,-0.000192361,-0.00216225,0.999999,0.00150823,-0.000222891,-0.00150834,0.999999,-0.000485125,0.000222159,0.000485461,1
21,22,0.00130976,0.0033847,0.00509827,0.999994,-0.00275488,-0.00187953,0.00275282,0.999996,-0.00109517,0.00188254,0.00108999,0.999998
22,23,-0.0022678,-0.00510676,-0.00313981,0.999993,0.00265133,0.00246279,-0.00265799,0.999993,0.00270223,-0.00245561,-0.00270876,0.999993
23,24,-0.00100546,-0.000525105,0.00110477,1,-0.000906938,0.000142245,0.000906874,0.999999,0.000444554,-0.000142648,-0.000444424,1
24,25,0.00245461,-0.000377657,-0.00215128,0.999999,0.00066384,-0.00107634,-0.000663841,1,-7.95923e-07,0.00107634,1.51044e-06,0.999999
25,26,-0.000434154,-0.00402704,-0.00226585,0.999998,0.00105192,0.00166364,-0.00105506,0.999998,0.00188878,-0.00166165,-0.00189053,0.999997
26,27,0.00496929,0.00545492,-0.000589762,0.999994,-0.00182175,-0.00311028,0.0018133,0.999995,-0.00271677,0.00311521,0.00271111,0.999991
27,28,-0.000664571,0.00888115,0.0039022,0.999999,-0.00104808,-0.000519811,0.00104566,0.999989,-0.00463926,0.000524667,0.00463871,0.999989
28,29,-0.00124303,0.00260496,-0.000715613,0.999998,-0.00149472,0.00148982,0.00149676,0.999998,-0.00136886,-0.00148777,0.00137109,0.999998
29,30,-0.00405353,-0.00214943,-0.00305679,0.999989,0.00233829,0.00397672,-0.00234093,0.999997,0.000659278,-0.00397517,-0.00066858,0.999992
30,31,-0.00480297,-1.0993e-05,-0.00169833,0.999981,3.28826e-06,0.00620102,-3.88699e-06,1,9.65409e-05,-0.00620102,-9.65631e-05,0.999981
31,32,0.0031836,0.00036113,-0.00367431,0.999997,-0.0010337,0.00211617,0.001035,0.999999,-0.000611688,-0.00211553,0.000613876,0.999998
32,33,0.0007812,-0.00113385,-0.0031274,0.999996,0.000709895,0.00267488,-0.000713052,0.999999,0.00117952,-0.00267404,-0.00118142,0.999996
33,34,-0.0499079,-0.00941004,0.00774086,0.999458,0.00259236,0.0328144,-0.00275817,0.999984,0.00500858,-0.0328009,-0.00509637,0.999449
34,35,0.0536981,0.00178732,-0.00607322,1,0.000474038,-0.000598638,-0.000475757,0.999996,-0.00287574,0.000597272,0.00287602,0.999996
35,36,-0.00360527,0.00426141,-0.00337892,0.999868,-0.00108155,0.0162161,0.00112198,0.999996,-0.00248428,-0.0162133,0.00250215,0.999865
36,37,-0.0044141,-0.00449707,-0.00572265,0.999939,0.000357024,0.0110432,-0.000408876,0.999989,0.00469345,-0.0110414,-0.00469768,0.999928
37,38,-0.00509012,0.0226488,0.00769745,0.999823,-0.0073896,0.0173301,0.00753763,0.999936,-0.00849201,-0.0172663,0.00862113,0.999814
38,39,0,0,0,1,0,0,0,1,0,0,0,1
39,40,-0.000720722,0.00645525,-0.00910848,0.999848,-0.00458538,0.0168344,0.00462746,0.999986,-0.00246125,-0.0168229,0.00253878,0.999855
40,41,-0.00758103,-0.00100598,-0.0109851,0.999789,-0.000457248,0.0205287,0.000430489,0.999999,0.00130789,-0.0205293,-0.00129877,0.999788
41,42,-0.00163242,0.00244724,-0.0188066,0.999546,-0.00394723,0.029876,0.00388256,0.99999,0.00222238,-0.0298845,-0.00210537,0.999551
42,43,0.000924287,0.00171559,-0.000298195,0.999981,-0.000603635,0.00608393,0.000605918,1,-0.000373471,-0.0060837,0.00037715,0.999981
43,44,0.0171373,0.00199527,-0.00696263,0.999983,-0.00468927,0.00360254,0.00468478,0.999988,0.00125413,-0.00360838,-0.00123723,0.999993
44,45,-0.0207662,0.0144323,-0.00159112,0.999601,0.00116617,0.0282278,-0.000962699,0.999973,-0.00722065,-0.0282354,0.00719059,0.999575
45,46,-0.00418711,0.00018832,-0.00391215,0.999945,-0.00209308,0.0102573,0.00208356,0.999997,0.000938188,-0.0102592,-0.000916765,0.999947
46,47,0.0031773,0.00129994,-0.0134997,0.999896,-0.00173049,0.0143316,0.00160517,0.99996,0.00875146,-0.0143461,-0.00872755,0.999859
47,48,0,0,0,1,0,0,0,1,0,0,0,1
48,49,-0.0292857,-0.0253034,-0.0854255,0.999752,0.00180636,0.0221986,-0.00208839,0.999917,0.0126883,-0.0221738,-0.0127315,0.999673
49,50,0,0,0,1,0,0,0,1,0,0,0,1
50,51,0.0035384,0.0113056,-0.0153424,0.999812,-0.00300015,0.0191525,0.00310607,0.99998,-0.00550289,-0.0191356,0.00556134,0.999801
51,52,-0.00565189,0.00594826,-0.00521845,0.999848,-0.000129754,0.017422,0.000126812,1,0.000169948,-0.017422,-0.000167713,0.999848
52,53,-0.00646545,0.00811827,-0.0108574,0.999835,0.000491383,0.0181348,-0.000402143,0.999988,-0.00492423,-0.018137,0.00491612,0.999823
53,54,0.0198447,-0.0140211,-0.0220224,0.999975,-0.00365446,-0.00600073,0.00369517,0.99997,0.00678763,0.00597575,-0.00680963,0.999959
54,55,-0.00668907,0.00975151,0.000201605,0.999797,-2.21731e-06,0.0201665,9.70017e-05,0.999989,-0.0046991,-0.0201663,0.0047001,0.999786
55,56,0.00864535,-0.000386043,-0.00832155,0.999986,-0.00483442,0.00234512,0.00482677,0.999983,0.00325671,-0.00236082,-0.00324534,0.999992
56,57,-0.00720309,0.00256825,-0.000817727,0.999922,0.000135582,0.0124957,-0.00012774,1,-0.000628404,-0.0124957,0.000626759,0.999922
57,58,0.00291278,0.00286659,-0.0064656,0.999982,-0.00205311,0.00568497,0.00206468,0.999996,-0.00202937,-0.00568078,0.00204107,0.999982
58,59,-0.00765191,0.00387287,-0.00144221,0.999917,4.18359e-05,0.0128587,-2.11743e-05,0.999999,-0.00160695,-0.0128587,0.00160654,0.999916
59,60,0.00832197,0.00948351,-0.0198324,0.999848,-0.00611655,0.0163311,0.00625054,0.999947,-0.00816602,-0.0162802,0.00826686,0.999833
60,61,0.0065564,-0.00662895,-0.00996672,0.999992,-0.00129155,0.00376514,0.00126591,0.999976,0.00680259,-0.00377384,-0.00679777,0.99997
61,62,-0.00531005,0.0060184,0.00204153,0.99993,-0.000322957,0.0117942,0.000378066,0.999989,-0.00467064,-0.0117926,0.00467478,0.99992
62,63,0.000148016,-0.00328717,-0.0155879,0.999972,0.000947024,0.00738944,-0.000966067,0.999996,0.00257387,-0.00738697,-0.00258094,0.999969
63,64,-0.00304527,-0.00372449,-0.00489816,0.999952,-0.00118159,0.00975971,0.00112523,0.999983,0.00577915,-0.00976637,-0.00576789,0.999936
64,65,0.00668598,-0.00496221,-0.0209396,0.99995,-0.00299112,0.00958755,0.00289274,0.999943,0.0102592,-0.00961769,-0.0102309,0.999901
65,66,0.019943,0.0532658,0.0236035,0.999931,-0.00771394,0.00883422,0.0079651,0.999555,-0.0287572,-0.00860845,0.0288256,0.999547
66,67,0.000517134,0.00356028,-0.00741565,0.999946,-0.00123667,0.0103122,0.00124793,0.999999,-0.00108537,-0.0103108,0.00109818,0.999946
67,68,0.0077387,-0.000903037,-0.0136403,0.999984,-0.00171685,0.00533565,0.00169757,0.999992,0.00361508,-0.00534182,-0.00360596,0.999979
68,69,0,0,0,1,0,0,0,1,0,0,0,1
69,70,0,0,0,1,0,0,0,1,0,0,0,1
70,71,-0.000801043,0.0114726,-0.00451178,0.999699,-0.000986955,0.0245334,0.0010415,0.999997,-0.00221051,-0.0245312,0.0022354,0.999697
71,72,-0.0724753,0.0521237,-0.0430368,0.99929,0.00381912,0.0374921,-0.00338144,0.999925,-0.0117306,-0.0375341,0.0115955,0.999228
72,73,-0.0045243,0.00330218,-0.0157422,0.999707,-0.000599928,0.0241778,0.00078775,0.99997,-0.00775961,-0.0241724,0.00777638,0.999678
73,74,-0.0119559,0.018889,0.00703808,0.999636,-0.00476749,0.0265518,0.00499384,0.999952,-0.00846484,-0.0265102,0.00859435,0.999612
74,75,0,0,0,1,0,0,0,1,0,0,0,1
75,76,0,0,0,1,0,0,0,1,0,0,0,1
76,77,0,0,0,1,0,0,0,1,0,0,0,1
77,78,0,0,0,1,0,0,0,1,0,0,0,1
78,79,0,0,0,1,0,0,0,1,0,0,0,1
79,80,-0.00140843,0.0167507,-0.0200503,0.999587,-0.0065915,0.0279888,0.00681618,0.999945,-0.00793971,-0.0279349,0.00812721,0.999577
80,81,0,0,0,1,0,0,0,1,0,0,0,1
81,82,0,0,0,1,0,0,0,1,0,0,0,1
82,83,-0.00185465,0.0487184,0.00602012,0.999943,7.8768e-05,0.0106914,2.62942e-05,0.999952,-0.0098263,-0.0106917,0.00982602,0.999895
83,84,0,0,0,1,0,0,0,1,0,0,0,1
84,85,-0.0387999,0.0188721,0.0292039,0.999344,-0.00264799,0.0361303,0.00290595,0.999971,-0.00708911,-0.0361104,0.00718945,0.999322
85,86,0,0,0,1,0,0,0,1,0,0,0,1
86,87,-0.00570969,0.00179374,0.034606,0.999868,0.00315221,0.0159092,-0.00319868,0.999991,0.00289621,-0.0158999,-0.00294672,0.999869
87,88,0.048127,-0.088516,-0.0810796,0.99884,-0.0460234,-0.0141697,0.0471032,0.994935,0.0887959,0.0100112,-0.0893603,0.995949
88,89,0,0,0,1,0,0,0,1,0,0,0,1
89,90,0.00320575,0.0241112,0.00488338,0.999998,-0.000108431,0.00200043,0.000144752,0.999835,-0.0181651,-0.00199813,0.0181654,0.999833
90,91,0.0281788,-0.0514765,-0.0817934,0.999965,0.00682601,0.00488156,-0.00703445,0.999005,0.04404,-0.00457608,-0.0440728,0.999018
91,92,0.061727,0.0168754,0.00628035,0.999677,-0.000591727,-0.0254158,0.000605469,1,0.000532976,0.0254155,-0.000548192,0.999677
92,93,0,0,0,1,0,0,0,1,0,0,0,1
93,94,-0.064974,0.00931452,-0.0597023,0.998712,0.0415415,0.0291205,-0.0423477,0.998721,0.0276358,-0.0279352,-0.0288334,0.999194
94,95,0,0,0,1,0,0,0,1,0,0,0,1
95,96,0,0,0,1,0,0,0,1,0,0,0,1
96,97,0.0167103,9.78096e-05,-0.0223441,0.999796,-0.00321972,0.0199496,0.00321322,0.999995,0.00035806,-0.0199506,-0.000293885,0.999801
97,98,-0.0247908,-0.00539067,-0.0475807,0.99947,-0.00638518,0.0319144,0.0066615,0.999941,-0.00855947,-0.0318579,0.00876753,0.999454
98,99,0.00677482,0.00216404,-0.0415868,0.99937,0.000939198,0.0354744,-0.000851459,0.999997,-0.00248835,-0.0354766,0.00245658,0.999367
99,100,0.0488221,-0.016596,-0.130362,0.999182,-0.0295619,-0.0275954,0.0305889,0.998826,0.0375664,0.0264524,-0.0383798,0.998913
100,101,0,0,0,1,0,0,0,1,0,0,0,1
101,102,0.00831944,-0.00489144,-0.0138647,0.999939,-0.00422384,0.0101654,0.00418576,0.999984,0.00376396,-0.0101811,-0.00372118,0.999941
102,103,0.00486005,-0.00142397,-0.0494965,0.999227,0.0122271,0.0373537,-0.011851,0.999877,-0.0102745,-0.0374748,0.0098239,0.999249
103,104,-0.0049967,0.00123877,-0.00467753,0.999865,0.00116541,0.0164054,-0.00124448,0.999988,0.00481019,-0.0163996,-0.00482995,0.999854
104,105,0.00369922,-0.0708641,0.0236936,0.999894,-0.011905,0.00838312,0.0114389,0.998496,0.0536103,-0.00900875,-0.0535087,0.998527
105,106,0.00167169,-0.0252612,-0.000116605,0.999974,0.00020163,0.0072601,-0.000242206,0.999984,0.00558845,-0.00725886,-0.00559006,0.999958
106,107,-0.011925,0.00152366,-0.0176219,0.999517,0.00681448,0.0303166,-0.00676902,0.999976,-0.00160182,-0.0303268,0.00139583,0.999539
107,108,-0.00213131,-0.000519321,-0.00917603,0.999708,-0.000586184,0.0241502,0.000359777,0.999956,0.00937825,-0.0241546,-0.00936683,0.999664
108,109,-0.00530735,0.00292009,-0.0178378,0.999619,0.000608906,0.0275983,-0.000503892,0.999993,-0.00381187,-0.0276004,0.00379651,0.999612
109,110,-0.00726842,0.00676262,-0.00894318,0.999557,0.00119175,0.0297474,-0.0010247,0.999984,-0.00563028,-0.0297536,0.0055973,0.999542
110,111,-0.0121406,0.0343738,-0.0137609,0.999879,0.0059027,0.0143697,-0.0054122,0.999409,-0.0339375,-0.0145615,0.0338556,0.999321
111,112,-0.0901932,-0.00720712,-0.0235597,0.998451,0.00138615,0.0556269,-0.00165227,0.999987,0.0047383,-0.0556196,-0.00482287,0.99844
112,113,-0.0192823,0.0132369,0.00183216,0.9997,0.0105733,0.0220858,-0.0106345,0.99994,0.00265419,-0.0220564,-0.00288827,0.999753
113,114,0,0,0,1,0,0,0,1,0,0,0,1
114,115,0,0,0,1,0,0,0,1,0,0,0,1
115,116,0,0,0,1,0,0,0,1,0,0,0,1
116,117,0,0,0,1,0,0,0,1,0,0,0,1
117,118,0.0320956,0.0032386,0.0159327,0.999793,0.018823,-0.00766371,-0.0187661,0.999796,0.00742119,0.00780183,-0.00727584,0.999943
118,119,-0.0079818,0.0142454,-0.0513281,0.999289,0.00129655,0.0376885,-0.000733111,0.999888,-0.01496,-0.0377037,0.0149217,0.999178
119,120,-0.0228303,0.0299409,0.00758896,0.999777,-0.00593303,0.0202858,0.00577555,0.999953,0.00781291,-0.0203312,-0.007694,0.999764
120,121,0.0029804,-0.00622476,-0.00306573,0.99998,-0.00145934,0.00616922,0.00147044,0.999997,-0.00179427,-0.00616658,0.0018033,0.999979
121,122,-0.00383269,0.00328372,-0.0127551,0.999878,-0.00283507,0.015372,0.00284969,0.999996,-0.000929329,-0.0153693,0.00097302,0.999881
122,123,-0.0335471,0.0387378,-0.0260317,0.999948,0.00684374,0.00754715,-0.0067527,0.999905,-0.0120235,-0.00762872,0.0119719,0.999899
123,124,0.013416,0.00287916,-0.0644975,0.999831,9.54122e-05,-0.0183711,-0.000211591,0.99998,-0.00632215,0.0183701,0.00632497,0.999811
124,125,0.0010999,0.000114437,-0.00667296,0.999996,0.000778747,-0.00278999,-0.000783056,0.999999,-0.0015438,0.00278878,0.00154598,0.999995
125,126,-0.00458733,0.00971934,-0.0130841,0.999995,0.00316566,3.47449e-05,-0.00316558,0.999993,-0.00204894,-4.12309e-05,0.00204882,0.999998
126,127,-0.00201316,-0.00438442,-0.0165257,0.999973,0.00176622,-0.00710211,-0.00174378,0.999993,0.00316505,0.00710765,-0.00315258,0.99997
127,128,-0.00130744,0.00117756,-0.0214783,0.999983,-0.00230854,-0.00528886,0.00230176,0.999997,-0.00128799,0.00529181,0.00127579,0.999985
128,129,-0.0123281,0.0241666,0.0130762,0.999877,-0.00916448,-0.0126983,0.00916357,0.999958,-0.000129328,0.0126989,1.29505e-05,0.999919
129,130,0.00857929,0.0292552,-0.0289271,0.999745,-0.00482896,-0.0220571,0.00452269,0.999893,-0.013914,0.022122,0.0138107,0.99966
130,131,-0.00993944,-0.119725,0.0440636,0.999974,0.00650537,-0.00315586,-0.00619979,0.996038,0.0887133,0.00372046,-0.0886915,0.996052
131,132,-0.0025017,0.00464014,-0.0240369,0.999917,0.00425906,-0.0121836,-0.00429192,0.999987,-0.00267249,0.0121721,0.00272456,0.999922
132,133,-0.000413639,0.0011766,-0.0234176,0.999908,0.00252429,-0.0133631,-0.00252515,0.999997,-4.76526e-05,0.0133629,8.1392e-05,0.999911
133,134,0.00287512,0.00243557,-0.0222434,0.999883,0.00188227,-0.0151864,-0.00195049,0.999988,-0.00447877,0.0151777,0.00450787,0.999875
134,135,-0.0109601,0.0116345,-0.02089,0.999958,0.00118194,-0.00914269,-0.0012129,0.999994,-0.00338203,0.00913864,0.00339298,0.999952
135,136,0.0194414,0.000232512,0.0146781,0.999778,-0.00619656,-0.0201468,0.00640537,0.999926,0.010316,0.0200813,-0.0104428,0.999744
136,137,-0.0228638,0.0144442,0.000208727,0.99997,0.00531075,-0.00558762,-0.00528834,0.999978,0.00401717,0.00560883,-0.0039875,0.999976
137,138,-0.00642939,-0.00525661,-0.0394302,0.999883,0.00474556,-0.0145216,-0.00464594,0.999965,0.00688635,0.0145538,-0.00681808,0.999871
138,139,0.0158362,-0.00776701,-0.0256788,0.999757,-3.0086e-05,-0.0220539,0.000182377,0.999976,0.00690343,0.0220532,-0.00690578,0.999733
139,140,0.00933653,0.0017053,-0.00899526,0.999947,-0.00420574,-0.00940919,0.0041167,0.999947,-0.00946228,0.00944849,0.00942305,0.999911
140,141,-0.0205256,-0.0216807,-0.000135971,0.999994,-0.000657377,0.00339698,0.000566217,0.999642,0.0267673,-0.00341336,-0.0267653,0.999636
141,142,-0.0120313,0.0634152,-0.0228203,0.999993,0.00367336,0.00120307,-0.0036083,0.998731,-0.0502278,-0.00138605,0.0502231,0.998737
142,143,-0.0133434,0.0168065,-0.0313396,0.999906,0.0058718,-0.0123941,-0.00599725,0.999931,-0.0101086,0.0123338,0.010182,0.999872
143,144,-0.00830884,-0.00380626,0.011414,0.999997,-0.00228615,-0.000175996,0.00228738,0.999971,0.00731045,0.000159278,-0.00731084,0.999973
144,145,0.0054597,0.0195899,-0.0214429,0.999867,0.00615983,-0.0151069,-0.00646895,0.999769,-0.0204994,0.0149771,0.0205944,0.999676
145,146,0.00649128,-0.0138026,0.00877415,0.999932,-0.00712125,-0.00918174,0.00729544,0.999791,0.0190793,0.00904396,-0.019145,0.999776
146,147,-0.00684774,0.0134155,-0.0295133,0.999956,-0.000282825,-0.00933973,0.000157406,0.99991,-0.0134266,0.00934268,0.0134246,0.999866
147,148,0.0518933,-0.020003,0.0193372,0.998814,0.00106569,-0.048687,0.000650745,0.999379,0.035225,0.0486943,-0.0352149,0.998193
148,149,0.000379122,-0.00153604,-0.0264702,0.999906,-0.00297076,-0.0133928,0.00280227,0.999917,-0.0125815,0.0134291,0.0125428,0.999831
149,150,0.00372906,0.0111999,-0.0156285,0.999988,0.000569309,-0.00495147,-0.000604863,0.999974,-0.00718196,0.00494726,0.00718487,0.999962
150,151,-0.00295267,0.0135346,-0.104061,0.999989,-0.00333132,0.0032268,0.00334408,0.999987,-0.00395758,-0.00321357,0.00396833,0.999987
151,152,0.0275471,-0.0369577,0.0299609,0.999696,0.000851828,-0.0246438,0.000136557,0.999197,0.0400775,0.0246581,-0.0400687,0.998893
152,153,0.00276332,-0.000525098,-0.0327334,0.999825,-0.000149434,-0.0187019,0.00019683,0.999997,0.00253248,0.0187014,-0.00253572,0.999822
153,154,0.00184875,0.00608535,-0.0160546,0.999854,0.000922934,-0.0170462,-0.000907159,0.999999,0.000933168,0.017047,-0.000917568,0.999854
154,155,0,0,0,1,0,0,0,1,0,0,0,1
155,156,0.0205058,0.106104,-0.00280788,0.999485,0.0237663,-0.0215527,-0.0249294,0.998152,-0.0554102,0.0201959,0.0559189,0.998231
156,157,0.00854986,-0.0050694,-0.00992274,0.999841,-0.000800653,-0.0177889,0.000834303,0.999998,0.00188427,0.0177874,-0.00189882,0.99984
157,158,0.00433546,-0.00116644,-0.0111364,0.999893,0.00109633,-0.0145716,-0.00103907,0.999992,0.00393687,0.0145758,-0.00392131,0.999886
158,159,0,0,0,1,0,0,0,1,0,0,0,1
159,160,-0.000913204,-0.00124637,-0.0191691,0.999679,0.00452578,-0.0249122,-0.0044038,0.999978,0.00494913,0.024934,-0.00483783,0.999677
160,161,0.0233555,0.100172,0.0783058,0.9997,0.0115903,-0.021596,-0.0128118,0.998274,-0.0573118,0.0208945,0.0575713,0.998123
161,162,0,0,0,1,0,0,0,1,0,0,0,1
162,163,0,0,0,1,0,0,0,1,0,0,0,1
163,164,0.00577729,0.0251633,-0.0182357,0.999696,0.00829859,-0.023212,-0.00861932,0.999868,-0.0137519,0.0230949,0.0139478,0.999636
164,165,0.00848613,-0.00195796,-0.0341148,0.999741,-0.000507529,-0.0227547,0.000445737,0.999996,-0.00272055,0.022756,0.00270971,0.999737
165,166,-0.0135229,-0.00825686,-0.0459243,0.999178,0.0113089,-0.0389287,-0.0111912,0.999932,0.00324003,0.0389627,-0.00280171,0.999237
166,167,0.014403,-0.00373321,0.0112505,0.999917,0.00397127,-0.012296,-0.00388908,0.99997,0.00670119,0.0123222,-0.00665281,0.999902
167,168,-0.0313924,-0.0230482,0.0675485,0.999545,-0.004247,0.0298776,0.00438945,0.999979,-0.00470392,-0.029857,0.00483293,0.999542
168,169,0.00091307,-0.00103233,-0.000686038,0.999937,0.00143027,-0.0111108,-0.00135586,0.999977,0.00670239,0.0111201,-0.00668691,0.999916
169,170,0.0136889,-0.00616986,-0.0137065,0.999296,-0.00968785,-0.0362428,0.00956995,0.999948,-0.00342523,0.0362741,0.00307598,0.999337
170,171,0.00271035,-0.000507283,-0.0140504,0.999627,0.00273862,-0.0271836,-0.00275686,0.999996,-0.000633286,0.0271818,0.000707991,0.99963
171,172,-0.0168875,0.0793235,0.0432971,0.999299,0.034337,-0.0148915,-0.0352895,0.996972,-0.0692858,0.0124674,0.0697628,0.997486
172,173,-0.00796124,-0.00340953,-0.0196601,0.999945,0.00613152,-0.0085029,-0.00618562,0.999961,-0.00635089,0.00846362,0.00640314,0.999944
173,174,0.00181718,-0.00120179,-0.00939382,0.99998,0.00089693,-0.00623758,-0.000875211,0.999994,0.00348373,0.00624066,-0.0034782,0.999974
174,175,0.000995951,0.00173886,-0.0100117,0.999705,0.00462295,-0.0238425,-0.00455395,0.999985,0.00294755,0.0238557,-0.0028381,0.999711
175,176,-0.00465488,0.00565206,-0.0248637,0.999862,0.00106943,-0.0165754,-0.00113169,0.999992,-0.00374725,0.0165712,0.00376549,0.999856
176,177,0.00296631,-0.00406572,-0.0153596,0.99986,0.0018823,-0.0166529,-0.00185232,0.999997,0.00181551,0.0166563,-0.00178441,0.99986
177,178,0.000656498,0.00748022,-0.0204345,0.999962,-0.00191925,-0.00853679,0.00192047,0.999998,0.000135393,0.00853652,-0.000151783,0.999964
178,179,3.51609e-05,0.000134007,-0.0106952,0.99998,0.00544725,-0.00307497,-0.0054375,0.99998,0.00317059,0.00309218,-0.00315381,0.99999
179,180,0.00492009,0.0188564,-0.0814977,0.999862,0.000783827,0.0166199,-0.000694758,0.999985,-0.00536428,-0.0166239,0.00535199,0.999847
180,181,0,0,0,1,0,0,0,1,0,0,0,1
181,182,-0.00618889,0.0117811,-0.0243706,0.999643,-0.00211335,0.0266211,0.00231043,0.99997,-0.00737426,-0.0266047,0.00743313,0.999618
182,183,-0.0646542,0.0039141,-0.0398613,0.991499,0.0937665,0.0902082,-0.0945419,0.995511,0.00435234,-0.0893952,-0.0128438,0.995913
183,184,-0.000603458,0.00135696,-0.0109752,0.999673,-0.00271271,0.0254394,0.00276036,0.999995,-0.00183831,-0.0254343,0.00190794,0.999675
184,185,0,0,0,1,0,0,0,1,0,0,0,1
185,186,-0.000201814,0.00093057,-0.00784179,0.999589,-0.00144527,0.0286468,0.00149894,0.999997,-0.00185211,-0.028644,0.00189429,0.999588
186,187,-0.00342944,-0.0113288,-0.0199799,0.999922,-0.00203078,0.0123152,0.00199213,0.999993,0.00314938,-0.0123215,-0.0031246,0.999919
187,188,0,0,0,1,0,0,0,1,0,0,0,1
188,189,0.0129969,-0.0187429,0.000685799,0.999692,-0.0035483,0.0245797,0.00346196,0.999988,0.00355447,-0.0245921,-0.00346828,0.999692
189,190,0.00988238,0.0077288,-0.00234873,0.999937,-0.00100137,0.0111762,0.00103098,0.999996,-0.00264458,-0.0111735,0.00265594,0.999934
190,191,-0.00298434,-0.000390068,0.0366171,0.999619,-0.00245435,0.0275069,0.00222435,0.999962,0.00838917,-0.0275265,-0.00832478,0.999586
191,192,0.00255035,-0.00336781,-0.00974689,0.999644,-0.00322984,0.026498,0.00318061,0.999993,0.00189968,-0.026504,-0.00181473,0.999647
192,193,-0.00430875,-0.0128666,-0.00974155,0.99988,0.00783235,0.0133439,-0.00803386,0.999853,0.015115,-0.0132236,-0.0152204,0.999797
193,194,0,0,0,1,0,0,0,1,0,0,0,1
194,195,0.11119,0.00270834,0.0667466,0.997646,-0.0246175,-0.0640047,0.0231293,0.999447,-0.0238905,0.0645575,0.0223539,0.997664
195,196,0.0558645,-0.0811929,-0.104136,0.998993,-0.0375478,-0.0245781,0.0393531,0.996205,0.077635,0.0215698,-0.078524,0.996679
196,197,0,0,0,1,0,0,0,1,0,0,0,1
197,198,0.000973851,-0.00414145,-0.0174086,0.999732,0.00653658,0.0221983,-0.00666464,0.999962,0.00569967,-0.0221602,-0.00584608,0.999737
198,199,-0.0106296,0.00238225,0.0392894,0.999593,0.00990102,0.0267535,-0.00996209,0.999948,0.00215032,-0.0267308,-0.00241597,0.99964
199,200,0,0,0,1,0,0,0,1,0,0,0,1
200,201,0.0157951,0.0277793,-0.0108797,0.99997,0.00752603,0.00188787,-0.00750995,0.999937,-0.00838407,-0.00195085,0.00836964,0.999963
201,202,0.0769501,-0.0761679,-0.00797356,0.99946,0.0291134,-0.0152545,-0.0285605,0.998969,0.0352884,0.0162662,-0.0348336,0.999261
202,203,-0.00152333,0.0021774,-0.0106856,0.999642,0.00124497,0.026742,-0.0011685,0.999995,-0.00287522,-0.0267455,0.00284294,0.999638
203,204,0.0142371,-0.0211483,-0.0412973,0.999309,0.0114128,0.0353759,-0.0116629,0.999908,0.00687111,-0.0352942,-0.00727894,0.99935
204,205,0.0104186,-0.00989019,0.00912888,0.99999,-0.000682802,0.00432954,0.000691839,0.999998,-0.00208635,-0.0043281,0.00208933,0.999988
205,206,-0.0900022,0.0104982,-0.0172704,0.998021,-0.0107576,0.0619484,0.0104129,0.999928,0.00588404,-0.0620072,-0.00522734,0.998062
206,207,-0.00400555,0.00298526,-0.00228709,0.999618,-0.00179452,0.027575,0.0018305,0.999998,-0.00127979,-0.0275727,0.00132978,0.999619
207,208,0.00373097,0.000628642,-0.00574866,0.999923,-0.00218288,0.0121981,0.00216437,0.999996,0.00152979,-0.0122014,-0.00150327,0.999924
208,209,0.0131815,-0.10334,0.0707411,0.999563,-0.0158899,0.0249334,0.0146452,0.998675,0.0493361,-0.0256843,-0.0489494,0.998471
209,210,0.0510836,0.0265673,0.0400671,0.999968,0.00176957,-0.00786157,-0.00179793,0.999992,-0.00360227,0.00785513,0.00361629,0.999963
210,211,-0.0297541,0.0413013,-0.019412,0.999747,0.0139878,0.0176293,-0.0138511,0.999873,-0.00785387,-0.0177369,0.0076077,0.999814
211,212,0,0,0,1,0,0,0,1,0,0,0,1
212,213,0.00754972,-0.00617394,-0.0309603,0.999194,-0.00445967,0.0398865,0.00449442,0.99999,-0.000781615,-0.0398826,0.000960252,0.999204
213,214,0.0144344,0.0411993,0.00900062,0.999818,0.00156427,0.0190009,-0.00126869,0.999878,-0.0155583,-0.019023,0.0155314,0.999698
214,215,0,0,0,1,0,0,0,1,0,0,0,1
215,216,0,0,0,1,0,0,0,1,0,0,0,1
216,217,-0.0032512,-0.0181294,-0.00653752,0.999911,0.00104071,0.0132923,-0.00111872,0.999982,0.00586298,-0.013286,-0.00587733,0.999894
217,218,0.0204981,-0.0350778,0.0136233,0.999998,-0.000216558,-0.00221943,0.000297389,0.999334,0.036484,0.00221005,-0.0364846,0.999332
218,219,0.000588738,-0.00467271,0.000820387,0.999921,0.00196742,0.0123896,-0.00209259,0.999947,0.0100978,-0.0123691,-0.010123,0.999872
219,220,-0.00175916,0.0139199,0.00614519,0.999895,0.000619309,0.0144829,-0.000545341,0.999987,-0.0051107,-0.0144858,0.00510226,0.999882
220,221,0.0180471,-0.0109147,-0.0241984,0.99985,-0.0136102,0.0107417,0.0136283,0.999906,-0.00160502,-0.0107189,0.00175117,0.999941
221,222,-0.0193604,-0.044924,-0.0167484,0.999812,-0.0112847,0.015767,0.0110992,0.999869,0.0118079,-0.0158982,-0.0116306,0.999806
222,223,0.0218409,0.00627698,-0.00123776,0.999702,-0.00796807,0.0230608,0.00795427,0.999968,0.000690047,-0.0230656,-0.00050641,0.999734
223,224,0.00017114,0.00337535,-0.0217464,0.999621,-0.0040074,0.0272401,0.00405218,0.999991,-0.00158869,-0.0272335,0.00169847,0.999628
224,225,-0.00249423,-0.000474438,-0.029013,0.999697,-0.00364169,0.0243561,0.00364847,0.999993,-0.000233871,-0.0243551,0.000322663,0.999703
225,226,-0.0290246,0.0324013,0.00283417,0.999159,0.0311764,0.0266291,-0.0311225,0.999513,-0.00243574,-0.0266921,0.00160493,0.999642
226,227,0.00083493,0.00857907,-0.0142908,0.999991,-0.000587411,0.00421068,0.000623443,0.999963,-0.00856122,-0.00420549,0.00856377,0.999954
227,228,-0.000896692,0.00304715,-0.0170971,0.999935,-0.00194234,0.0112143,0.00189218,0.999988,0.00448163,-0.0112229,-0.00446012,0.999927
228,229,0.00131905,-0.00742569,-0.0170228,0.99994,-0.00425974,0.0100515,0.00415685,0.999939,0.0102351,-0.0100944,-0.0101928,0.999897
229,230,-0.00330707,0.0064568,-0.00227227,0.999922,0.00543081,0.0112809,-0.00550303,0.999964,0.0063812,-0.0112458,-0.00644278,0.999916
230,231,0.00024036,0.00317482,-0.0193682,0.999969,0.0011498,0.00779394,-0.00113427,0.999997,-0.00199728,-0.00779622,0.00198838,0.999968
231,232,-0.000765864,0.00665959,-0.0179966,0.999984,-0.000664596,0.00564167,0.000688376,0.999991,-0.00421421,-0.00563882,0.00421803,0.999975
232,233,-0.000167019,0.00389307,-0.021779,0.999997,-0.00176344,-0.00190034,0.00176446,0.999998,0.000538552,0.00189939,-0.000541904,0.999998
233,234,0.00469577,0.00508466,-0.0152752,0.99998,-0.002517,-0.00588321,0.00252645,0.999996,0.00160023,0.00587915,-0.00161506,0.999981
234,235,-0.00268287,0.00351288,-0.000508106,0.999968,-0.00368133,-0.00713562,0.00372637,0.999973,0.00630913,0.0071122,-0.00633552,0.999955
235,236,0.000227645,-0.00197619,-0.00910363,0.999991,0.00237085,-0.00347777,-0.00236392,0.999995,0.00199524,0.00348248,-0.001987,0.999992
236,237,0.00165447,0.0084288,-0.0187139,0.999946,0.00110083,-0.0103008,-0.00117841,0.999971,-0.00752837,0.0102923,0.0075401,0.999919
237,238,-0.00414707,0.000326605,-0.0220908,0.99986,0.00452296,-0.0161052,-0.00451481,0.99999,0.000542429,0.0161075,-0.000469641,0.99987
238,239,0.00415192,0.00417046,-0.0205671,0.999821,-0.000369922,-0.0189064,0.000463844,0.999988,0.00496358,0.0189043,-0.00497147,0.999809
239,240,0,0,0,1,0,0,0,1,0,0,0,1
240,241,0.00293304,0.00791865,-0.0244916,0.999746,0.00489361,-0.0219772,-0.00498361,0.999979,-0.00404223,0.021957,0.00415073,0.99975
241,242,0.0257703,0.00279963,0.0131948,0.999602,-0.0142889,-0.0243378,0.0142788,0.999898,-0.000586858,0.0243437,0.000239109,0.999704
242,243,-0.00191258,0.00314748,-0.0103942,0.999979,0.000655746,-0.00644287,-0.000669889,0.999997,-0.00219325,0.00644141,0.00219752,0.999977
243,244,0.0102548,0.000178016,0.00269339,0.999889,-0.00449002,-0.0142313,0.0046064,0.999956,0.00815583,0.0141941,-0.00822048,0.999865
244,245,0.0177666,0.00696626,0.00990343,0.999701,-0.00792551,-0.0231267,0.00806869,0.999949,0.00610408,0.0230772,-0.00628886,0.999714
245,246,0.0103484,0.0221514,0.0130595,0.999496,0.000469496,-0.031749,-0.00046998,1,-7.78301e-06,0.031749,2.27005e-05,0.999496
246,247,0.0014881,0.00435343,-0.00939566,0.999893,0.00159921,-0.0145162,-0.0016349,0.999996,-0.00244671,0.0145122,0.00247018,0.999892
247,248,-0.00260703,0.0033992,-0.0109095,0.999934,0.000437659,-0.0114911,-0.000420966,0.999999,0.00145506,0.0114917,-0.00145013,0.999933
248,249,-0.0190722,0.0228886,0.020735,0.999927,-0.00815395,-0.00896768,0.00814797,0.999967,-0.000703227,0.00897311,0.000630107,0.99996
249,250,-0.01026,-0.00811225,-0.0353638,0.999271,0.00185881,-0.0381352,-0.00142886,0.999935,0.0112985,0.0381537,-0.0112357,0.999209
250,251,0.00128481,-0.00221706,-0.015143,0.999915,-0.000960708,-0.0129764,0.00102143,0.999989,0.00467398,0.0129718,-0.00468684,0.999905
251,252,0.000837314,0.0130464,-0.0107598,0.999948,0.00650065,-0.00783562,-0.00658463,0.999921,-0.0107404,0.00776518,0.0107914,0.999912
252,253,0.00161351,0.00763369,-0.0189177,0.999965,0.00186378,-0.00816616,-0.00191506,0.999978,-0.00627536,0.00815429,0.00629078,0.999947
253,254,-0.0184623,0.0164048,0.0117467,0.999973,0.00279506,0.00686257,-0.00275507,0.999979,-0.00583018,-0.00687872,0.00581112,0.999959
254,255,-0.0069243,0.00764111,-0.0119309,0.999978,0.00458378,-0.00471631,-0.00459714,0.999985,-0.00282628,0.00470328,0.0028479,0.999985
255,256,-0.0673662,-0.111112,-0.0276365,0.998656,0.0518324,-0.000287934,-0.0515581,0.993911,0.0973832,0.00533379,-0.0972375,0.995247
256,257,0,0,0,1,0,0,0,1,0,0,0,1
257,258,0.0172396,0.0309688,0.000620362,0.999993,-0.00181571,-0.00341404,0.00179497,0.99998,-0.00606679,0.00342499,0.00606061,0.999976
258,259,-0.00254026,-0.00764975,-0.0158435,0.999916,0.0129951,0.000139991,-0.0129957,0.9998,0.0151909,5.74433e-05,-0.0151914,0.999885
259,260,0.00237324,0.00529181,-0.00298574,0.999968,-0.00184251,0.00779974,0.00189248,0.999978,-0.00640427,-0.00778776,0.00641882,0.999949
260,261,0,0,0,1,0,0,0,1,0,0,0,1
261,262,-0.00159532,-0.0142628,-0.0139266,0.999935,0.0113851,0.000125864,-0.0113845,0.999926,-0.00438658,-0.000175796,0.00438487,0.99999
262,263,0,0,0,1,0,0,0,1,0,0,0,1
263,264,-0.020005,0.0835015,-0.0391937,0.999985,0.00129113,0.00535273,-0.000930108,0.997759,-0.0669081,-0.00542712,0.0669021,0.997745
264,265,0.0320259,0.103117,0.0495628,0.999965,0.00832505,-0.000775959,-0.00834328,0.999585,-0.0275629,0.000546175,0.0275684,0.99962
265,266,0.000798783,0.0114942,-0.0323431,0.999953,0.00922466,0.00311886,-0.00917,0.999812,-0.0171089,-0.0032761,0.0170795,0.999849
266,267,0.00191348,0.00278975,-0.018529,0.999979,0.000251697,-0.00647734,-0.000238707,0.999998,0.00200612,0.00647783,-0.00200453,0.999977
267,268,-0.00220225,0.00153716,-0.02437,0.999999,-0.00132055,-0.000244524,0.00132081,0.999999,0.00106776,0.000243113,-0.00106809,0.999999
268,269,-0.000817123,-0.00312463,-0.0174205,1,-1.221e-05,0.000449828,1.15892e-05,0.999999,0.00138012,-0.000449844,-0.00138011,0.999999
269,270,0.00217441,0.00415177,-0.0228197,0.999995,-0.000845712,-0.00299231,0.00083326,0.999991,-0.00415995,0.0029958,0.00415744,0.999987
270,271,0.000873995,0.00599631,-0.0241033,0.999997,-0.00224884,-0.00061616,0.00224568,0.999985,-0.00508345,0.000627582,0.00508205,0.999987
271,272,0.0110071,-0.00461722,-0.0225054,0.999958,-0.00652703,-0.00639191,0.00647778,0.999949,-0.00769563,0.00644182,0.00765391,0.99995
272,273,-0.0100533,0.00750373,-0.0172633,0.999965,0.00372518,0.00743557,-0.00371288,0.999992,-0.00166685,-0.00744172,0.00163918,0.999971
273,274,0.00916951,-0.000319653,-0.0162838,0.999972,-0.00217609,-0.007133,0.00217838,0.999998,0.000313311,0.0071323,-0.000328841,0.999975
274,275,-0.00350085,0.0148456,-0.0224468,0.999982,0.000870396,0.00588165,-0.000849694,0.999993,-0.00352135,-0.00588467,0.00351629,0.999977
275,276,-0.00415918,0.00621678,-0.00496351,0.999996,0.000395168,-0.00291769,-0.000381631,0.999989,0.00463857,0.00291949,-0.00463744,0.999985
276,277,-0.000281014,-0.00419796,-0.0126521,0.999995,0.00245974,0.00193183,-0.00247232,0.999976,0.00653458,-0.00191571,-0.00653932,0.999977
277,278,0.000682321,-0.00153039,-0.0229059,0.999999,-0.00103972,-0.00131201,0.00104469,0.999992,0.00379047,0.00130806,-0.00379184,0.999992
278,279,-0.000881095,0.00443017,-0.0148559,1,-0.000434062,0.000390549,0.000434852,0.999998,-0.00202664,-0.000389668,0.00202681,0.999998
279,280,-1.39849e-05,0.00177364,-0.00842069,0.999999,-0.000669367,-0.000946881,0.000665978,0.999993,-0.0035755,0.000949268,0.00357486,0.999993
280,281,0.00353378,-0.00150059,-0.0368638,0.999998,0.00153812,-0.0014692,-0.00153737,0.999999,0.000517142,0.00146999,-0.000514882,0.999999
281,282,-0.00226769,0.0015899,-0.0190559,0.999998,-0.00117932,0.00174994,0.00117449,0.999995,0.0027633,-0.00175319,-0.00276123,0.999995
282,283,0.00223717,0.00123545,-0.0342743,0.999995,-0.00232199,-0.00195583,0.0023185,0.999996,-0.00178482,0.00195997,0.00178028,0.999996
283,284,0.00465773,0.0035184,-0.0217646,0.999983,-0.00536169,-0.00218393,0.00534831,0.999967,-0.00608808,0.0022165,0.0060763,0.999979
284,285,0.00116146,-0.00255427,-0.0243348,0.999997,-0.00222938,-0.00132462,0.00223265,0.999994,0.00247586,0.0013191,-0.00247881,0.999996
285,286,0.00288625,0.00220403,-0.0234081,0.999998,-0.0019733,0.000778918,0.00197344,0.999998,-0.00017911,-0.000778563,0.000180647,1
286,287,0.000444969,0.00253199,-0.0104958,0.99999,-0.000481269,0.0043657,0.000478872,1,0.000550169,-0.00436597,-0.000548073,0.99999
287,288,-0.00305323,-0.0028889,-0.0120088,0.999989,0.000301298,0.00471446,-0.000327056,0.999985,0.00546375,-0.00471274,-0.00546523,0.999974
288,289,0.0055339,-0.00444783,-0.0129377,1,0.000115544,-0.000963256,-0.000115655,1,-0.000116151,0.000963242,0.000116262,1
289,290,-0.00523588,-0.00152985,-0.0269105,0.999901,0.00283627,0.0137791,-0.00285238,0.999995,0.00114954,-0.0137758,-0.00118873,0.999904
290,291,0.00172434,-0.00317222,-0.0137488,0.999996,0.000872653,0.00274864,-0.000865186,0.999996,-0.00271642,-0.002751,0.00271403,0.999993
291,292,-0.00624781,0.00101641,-0.0176473,0.999974,0.00111149,0.00711836,-0.00114345,0.999989,0.00448637,-0.0071133,-0.00449439,0.999965
292,293,0.00111617,-0.00138687,-0.0226002,0.999917,-0.00233542,0.0126385,0.00231611,0.999996,0.00154209,-0.012642,-0.00151269,0.999919
293,294,-0.00150908,-0.000684851,-0.00751839,0.999989,-0.000699064,0.00465761,0.000697851,1,0.000262128,-0.00465779,-0.000258874,0.999989
294,295,-0.00792844,0.0227248,0.00448153,0.999876,0.0031724,0.0154535,-0.00313933,0.999993,-0.00216397,-0.0154602,0.00211519,0.999878
295,296,-0.00610669,-0.000828643,-0.0202398,0.999837,0.000949952,0.0180251,-0.000939187,0.999999,-0.000605668,-0.0180257,0.00058864,0.999837
296,297,0.0171963,-0.00938757,0.0141981,0.999987,-0.000100429,-0.00511,0.00015306,0.999947,0.0103002,0.00510869,-0.0103008,0.999934
297,298,0,0,0,1,0,0,0,1,0,0,0,1
298,299,0,0,0,1,0,0,0,1,0,0,0,1
299,300,0,0,0,1,0,0,0,1,0,0,0,1
300,301,0,0,0,1,0,0,0,1,0,0,0,1
301,302,0,0,0,1,0,0,0,1,0,0,0,1
302,303,0,0,0,1,0,0,0,1,0,0,0,1
303,304,-0.0190909,0.000126671,0.00527152,0.99911,-0.00362548,0.0420288,0.0036485,0.999993,-0.000471038,-0.0420268,0.00062396,0.999116
304,305,-0.0055298,0.00203347,-0.00142299,0.99944,-0.000902721,0.0334618,0.000793669,0.999994,0.00327216,-0.0334645,-0.00324377,0.999435
305,306,0,0,0,1,0,0,0,1,0,0,0,1
306,307,-0.00914415,-0.00299999,0.00269345,0.999528,-9.83099e-06,0.0307053,-0.000190931,0.999979,0.00653541,-0.0307047,-0.00653819,0.999507
307,308,0.0267968,-0.0278225,-0.055138,0.999837,-0.0173258,0.00515956,0.0173548,0.999834,-0.00562191,-0.0050613,0.00571054,0.999971
308,309,0.00602246,-0.00291102,-0.00741269,0.9996,-0.00413835,0.0279636,0.00429327,0.999976,-0.00548234,-0.0279402,0.0056002,0.999594
309,310,0.00219319,0.000488046,-0.0080612,0.999498,-0.00306917,0.0315291,0.0029048,0.999982,0.00525792,-0.0315446,-0.0051637,0.999489
310,311,0.00128469,1.40397e-05,-0.00555123,0.999426,-0.00355203,0.0336875,0.00342975,0.999987,0.00368695,-0.0337002,-0.0035693,0.999426
311,312,-0.00482633,0.00339471,-0.00462086,0.999829,0.000576242,0.0184824,-0.000623896,0.999996,0.00257264,-0.0184808,-0.00258373,0.999826
312,313,0.0016135,-0.00352017,0.0040101,0.999993,0.000426336,-0.00383949,-0.000418024,0.999998,0.00216562,0.00384041,-0.002164,0.99999
313,314,0,0,0,1,0,0,0,1,0,0,0,1
314,315,0.00101321,0.00129141,-0.0136335,0.99965,-0.00498658,0.0259944,0.00496796,0.999987,0.00078108,-0.025998,-0.000651667,0.999662
315,316,-0.0004212,0.00134658,-0.0104226,0.999607,-0.00344841,0.0278259,0.00335537,0.999989,0.00338994,-0.0278373,-0.00329524,0.999607
316,317,0.00465603,0.00109838,0.0220787,0.999942,-0.00907285,0.00576953,0.00903932,0.999942,0.00581132,-0.00582192,-0.00575883,0.999966
317,318,-0.000754462,-0.00279698,-0.0176396,0.99952,-0.00343895,0.0307856,0.00343867,0.999994,6.21224e-05,-0.0307857,4.37689e-05,0.999526
318,319,0.0741142,0.00618855,-0.0300872,0.999986,0.00286869,-0.00436214,-0.00292313,0.999917,-0.0125251,0.00432585,0.0125377,0.999912
319,320,-0.0300622,-0.0313268,0.031577,0.998825,0.0112251,0.0471534,-0.0127292,0.999416,0.0317193,-0.0467698,-0.0322822,0.998384
320,321,0.040324,-0.0396178,-0.1003,0.999786,0.00585415,0.0198444,-0.00602001,0.999947,0.00830839,-0.0197947,-0.00842607,0.999769
321,322,-0.000756641,0.0101274,0.003885,0.999923,0.00160568,0.0123313,-0.00155957,0.999992,-0.00374787,-0.0123372,0.00372835,0.999917
322,323,-0.00216941,-0.000450334,-0.0132026,0.999601,-0.000738282,0.0282407,0.000776226,0.999999,-0.00133265,-0.0282397,0.00135404,0.9996
323,324,0.00390456,0.00110039,-0.00516341,0.999933,-0.00101294,0.011565,0.00100449,0.999999,0.000736277,-0.0115657,-0.000724611,0.999933
324,325,0.000732293,0.00122006,-0.0118786,0.999644,-0.00227277,0.0265993,0.00229752,0.999997,-0.000899952,-0.0265972,0.000960743,0.999646
325,326,-3.72607e-05,0.00389814,0.000179921,0.999916,-0.000204674,0.012926,0.000208596,1,-0.000302098,-0.0129259,0.000304769,0.999916
326,327,0.000646656,0.00172964,-0.0098387,0.999675,-0.0031387,0.0253081,0.00312411,0.999995,0.000616046,-0.0253099,-0.00053678,0.99968
327,328,0.00310486,0.00166586,-0.0118956,0.999694,-0.00480811,0.0242598,0.00470139,0.999979,0.00445417,-0.0242807,-0.00433875,0.999696
328,329,0.00445954,0.00701754,-0.0185736,0.998781,-0.00784105,0.0487419,0.00785708,0.999969,-0.000137261,-0.0487393,0.000520062,0.998811
329,330,0.000724356,-0.000771829,-0.00862106,0.999917,0.000100892,0.0128882,-0.000122113,0.999999,0.0016458,-0.012888,-0.00164723,0.999916
330,331,0,0,0,1,0,0,0,1,0,0,0,1
331,332,0,0,0,1,0,0,0,1,0,0,0,1
332,333,0.00294321,0.00314276,-0.0189464,0.99974,-0.00293422,0.0225904,0.00291304,0.999995,0.000970473,-0.0225932,-0.000904414,0.999744
333,334,-0.00294347,0.00217067,-0.0105309,0.999904,-0.000973878,0.0137916,0.000990214,0.999999,-0.00117776,-0.0137904,0.00119131,0.999904
334,335,0.00142478,0.00250553,-0.0317952,0.999226,-0.00446543,0.0390736,0.00448728,0.99999,-0.000471628,-0.0390711,0.000646597,0.999236
335,336,1.89537e-05,0.00136877,-0.0111162,0.99992,-0.00111225,0.012587,0.00114273,0.999996,-0.00241531,-0.0125842,0.0024295,0.999918
336,337,-0.0116148,0.00301107,-0.00780053,0.999855,0.000885651,0.0169926,-0.000879344,1,-0.000378627,-0.0169929,0.00036363,0.999856
337,338,0,0,0,1,0,0,0,1,0,0,0,1
338,339,-0.00238099,0.00136972,-0.0238133,0.999616,-0.00200741,0.0276339,0.00197755,0.999997,0.0011081,-0.027636,-0.00105303,0.999617
339,340,-0.0458806,0.0298641,0.0138231,0.997834,-0.0115022,0.0647618,0.0121096,0.999886,-0.00899368,-0.064651,0.00975844,0.99786
340,341,0.00180309,-0.0141708,-0.00920496,0.999967,-0.00229739,0.00782113,0.0022712,0.999992,0.00335545,-0.00782877,-0.00333758,0.999964
341,342,-0.042105,0.00719876,-0.0530682,0.997583,0.0259057,0.0644797,-0.0252191,0.999617,-0.0114387,-0.0647513,0.00978494,0.997853
342,343,-0.105861,-0.0112139,-0.0231134,0.99631,0.0324398,0.079459,-0.0343133,0.999162,0.0223272,-0.0786681,-0.0249713,0.996588
343,344,0.00122945,-0.00703335,-0.00330928,0.999996,-0.00237365,0.00142833,0.00236773,0.999989,0.00413173,-0.00143812,-0.00412833,0.99999
344,345,-0.00210017,0.0138587,-0.0514465,0.999972,0.00112453,0.00742361,-0.00108152,0.999983,-0.005794,-0.00742999,0.00578581,0.999956
345,346,-0.00293953,0.000223742,-0.0204182,0.999996,-0.00147644,0.00241798,0.00147407,0.999998,0.000980929,-0.00241942,-0.000977361,0.999997
346,347,0.0055154,0.00374819,-0.0118432,0.999992,-0.00323712,-0.00252305,0.00324075,0.999994,0.00143584,0.00251838,-0.001444,0.999996
347,348,0.0194465,-0.00226363,0.018339,0.99987,-0.00165944,-0.0160543,0.00190593,0.99988,0.0153504,0.0160269,-0.015379,0.999753
348,349,-0.0010015,0.0238179,0.0159033,0.999669,-0.0115794,-0.0229792,0.0115897,0.999933,0.000312832,0.0229741,-0.00057905,0.999736
349,350,0.0170382,0.060289,-0.00756772,0.999269,-0.00104503,-0.0382137,0.000225459,0.99977,-0.0214449,0.0382274,0.0214206,0.999039
350,351,-0.00195438,0.00107524,-0.0272291,0.999813,0.00304101,-0.0190876,-0.00300249,0.999993,0.00204668,0.0190937,-0.00198899,0.999816
351,352,-0.00281034,0.00104198,-0.0240228,0.999827,0.00276477,-0.0183883,-0.00272449,0.999994,0.00221551,0.0183943,-0.00216502,0.999828
352,353,0.0091485,0.00186685,-0.0124077,0.999914,-0.00116728,-0.0130996,0.00117826,0.999999,0.00083083,0.0130986,-0.000846193,0.999914
353,354,0.00564153,-0.0016128,-0.0223558,0.999745,0.00134145,-0.0225202,-0.00119829,0.999979,0.00636944,0.0225283,-0.00634083,0.999726
354,355,-0.100621,0.0716315,0.0172378,0.999942,-0.0029209,0.010377,0.00312955,0.999792,-0.0201481,-0.010316,0.0201794,0.999743
355,356,0.000946864,0.002322,-0.0307475,0.999768,0.00435534,-0.0210903,-0.00430799,0.999988,0.00228997,0.0211,-0.00219858,0.999775
356,357,-0.0508991,0.0117774,0.00709435,0.999726,0.0104168,0.0209451,-0.0104245,0.999946,0.000256461,-0.0209412,-0.000474731,0.999781
357,358,0.00232702,0.00183894,-0.0207975,0.999955,0.00109684,-0.00943036,-0.00112427,0.999995,-0.00290408,0.00942713,0.00291455,0.999951
358,359,0.00146718,0.00172045,-0.014067,0.999994,0.0011105,-0.00341971,-0.00111107,0.999999,-0.000163743,0.00341953,0.000167541,0.999994
359,360,0.00271641,-0.000822823,-0.0116295,0.99999,0.000410782,-0.00449964,-0.000403206,0.999999,0.00168436,0.00450033,-0.00168253,0.999988
360,361,0.00290574,0.00467728,-0.0113776,0.999986,0.000900533,-0.00521695,-0.000915816,0.999995,-0.00292794,0.00521428,0.00293268,0.999982
361,362,0.000509508,0.00193655,-0.0438722,0.999906,0.00344608,-0.0132514,-0.00348517,0.99999,-0.00292846,0.0132411,0.00297437,0.999908
362,363,0.000838325,0.00395614,-0.0317466,0.999974,-0.00376687,-0.0061224,0.00371472,0.999957,-0.00850606,0.00615418,0.0084831,0.999945
363,364,-0.00151653,0.00254031,-0.00210623,0.999999,0.000968485,0.000753282,-0.000966126,0.999995,-0.00312562,-0.000756305,0.00312489,0.999995
364,365,-0.00663521,0.0110367,-0.0648969,0.999829,0.00688568,-0.0171906,-0.00703572,0.999938,-0.00868309,0.0171297,0.00880255,0.999815
365,366,-0.000473044,-0.00196678,-0.0190452,0.999963,-0.000673044,-0.00861267,0.000699207,0.999995,0.00303509,0.00861059,-0.003041,0.999958
366,367,0.00240298,0.00168498,-0.0193537,0.999937,-0.00132248,-0.0111599,0.00133316,0.999999,0.000949483,0.0111586,-0.000964301,0.999937
367,368,-0.00167902,0.00207701,-0.0077321,0.999993,0.00016773,-0.00366031,-0.000174427,0.999998,-0.00182948,0.00365999,0.00183011,0.999992
368,369,0.00175384,0.00232502,-0.0117868,0.999985,0.000513798,-0.00545266,-0.000523725,0.999998,-0.00181947,0.00545172,0.0018223,0.999983
369,370,-0.000889726,0.00276816,-0.0320682,0.999802,0.00313747,-0.01963,-0.00315455,0.999995,-0.000838846,0.0196272,0.000900603,0.999807
370,371,0.000892227,0.0146483,-0.0221945,0.999881,-0.000291442,-0.0154024,0.000226408,0.999991,-0.00422396,0.0154035,0.00421997,0.999872
371,372,-0.00208539,-0.000985467,-0.0189341,0.999885,0.0039895,-0.0146213,-0.00392051,0.999981,0.00474445,0.0146399,-0.00468658,0.999882
372,373,0.0127415,0.0135002,0.0165861,0.999931,-0.00475001,-0.0107814,0.00478763,0.999983,0.00346596,0.0107647,-0.00351734,0.999936
373,374,-0.00199256,0.00703344,-0.0202332,0.999867,0.00289766,-0.0160579,-0.0028851,0.999996,0.000805349,0.0160602,-0.000758913,0.999871
374,375,-0.12506,-0.00190625,0.0171965,0.998473,-0.0222022,0.0505938,0.0217678,0.999721,0.00911992,-0.0507821,-0.00800467,0.998678
375,376,0.0349838,0.00750122,-0.0113797,0.999188,0.00482816,-0.0400077,-0.00476503,0.999987,0.00167312,0.0400153,-0.00148112,0.999198
376,377,0.0501676,-0.0716063,-0.0424179,0.999373,0.00264269,-0.0353151,-0.00157567,0.999542,0.0302079,0.0353788,-0.0301333,0.99892
377,378,0,0,0,1,0,0,0,1,0,0,0,1
378,379,0.0121082,-0.00592838,-0.0238184,0.998915,0.00164848,-0.0465406,-0.0014914,0.999993,0.00340951,0.0465459,-0.0033364,0.998911
379,380,-0.0136594,0.000882018,-0.0192803,0.999737,0.00886385,-0.0211422,-0.00883222,0.99996,0.00158933,0.0211555,-0.00140218,0.999775
380,381,-0.053003,0.0114286,0.00448656,0.999716,-0.00398692,0.0234794,0.00398778,0.999992,1.01794e-05,-0.0234792,8.3454e-05,0.999724
381,382,0.0046122,-0.000829868,-0.025626,0.999551,0.00234156,-0.0298615,-0.00224277,0.999992,0.00334109,0.0298691,-0.00327261,0.999548
382,383,-0.00947695,-0.00151715,-0.0179319,0.999374,0.00497761,-0.0350148,-0.0047782,0.999972,0.00577636,0.0350426,-0.00560544,0.99937
383,384,0,0,0,1,0,0,0,1,0,0,0,1
384,385,-0.00699594,-0.00231406,-0.00413069,0.999927,0.00326386,-0.0116756,-0.00323045,0.999991,0.00287933,0.0116848,-0.0028414,0.999928
385,386,0.00616133,0.012121,-0.0201124,0.999881,0.00132377,-0.0153833,-0.00141844,0.99998,-0.0061447,0.0153749,0.00616579,0.999863
386,387,0.0032115,-0.00184761,-0.00983167,0.999907,0.000841063,-0.0136371,-0.00083628,1,0.000356425,0.0136374,-0.000344987,0.999907
387,388,0.122974,0.000660453,-0.0435868,0.995913,-0.0608356,-0.0667521,0.0621256,0.997916,0.0174208,0.0655532,-0.0214966,0.997617
388,389,0.00896325,0.000350512,-0.00450493,0.999882,-0.000408894,-0.0153661,0.000397377,1,-0.000752556,0.0153664,0.000746361,0.999882
389,390,-0.0148125,-0.0011761,-0.0252178,0.999899,0.0036095,-0.0137356,-0.00357988,0.999991,0.00218008,0.0137434,-0.00213068,0.999903
390,391,-0.0874697,-0.040819,-0.101378,0.999352,0.0185042,0.0308649,-0.0188955,0.999744,0.0124342,-0.0306269,-0.0130094,0.999446
391,392,-0.00731972,-0.00700179,-0.0387189,0.999873,0.00156052,-0.0158476,-0.00150162,0.999992,0.00372763,0.0158532,-0.00370336,0.999867
392,393,0.0665622,-0.0470438,-0.0682906,0.99928,0.00710573,-0.0372581,-0.00586436,0.999427,0.0333223,0.0374736,-0.0330798,0.99875
393,394,-0.00764182,-0.000247831,-0.0400748,0.999994,0.00260994,-0.00235836,-0.00260664,0.999996,0.0013982,0.00236199,-0.00139205,0.999996
394,395,-0.00587076,0.00124222,-0.0410646,0.999782,0.00110827,0.0208381,-0.00116451,0.999996,0.00268668,-0.0208351,-0.00271037,0.999779
395,396,0.0259431,0.000690898,0.00678153,0.999901,-0.0126547,0.00617005,0.0125643,0.999816,0.014469,-0.00635202,-0.01439,0.999876
396,397,-0.0212792,-0.00484921,-0.0235161,0.999364,-0.000186265,0.0356524,0.000118132,0.999998,0.00191314,-0.0356527,-0.00190771,0.999362
397,398,0.00401037,0.0102891,-0.0189437,0.999693,-0.00219535,0.0246653,0.00235191,0.999977,-0.0063204,-0.0246509,0.00637647,0.999676
398,399,0.0298169,-0.022004,0.0302357,0.999935,-0.00757123,-0.00854499,0.0075771,0.999971,0.000655138,0.00853978,-0.000719842,0.999963
399,400,0.0368138,-0.0364252,-0.105375,0.999853,0.016528,-0.00457471,-0.0163567,0.999245,0.0352328,0.00515359,-0.0351528,0.999369
400,401,-0.0683355,0.0032478,-0.0298339,0.999195,0.0214362,0.0339112,-0.0211577,0.99974,-0.00854858,-0.0340856,0.00782421,0.999388
401,402,0.000168737,0.00287193,-0.023857,0.999611,-0.00431485,0.0275405,0.00427214,0.99999,0.00160934,-0.0275471,-0.00149106,0.999619
402,403,-0.000917621,0.00367143,-0.0300354,0.999273,-0.0047482,0.037818,0.00470418,0.999988,0.00125281,-0.0378235,-0.001074,0.999284
403,404,-0.0143409,0.0623114,0.0596658,0.999912,0.00627194,0.0117055,-0.00589265,0.999465,-0.0321606,-0.011901,0.0320888,0.999414
404,405,0.000203796,0.00258063,-0.0130976,0.999908,-0.00191665,0.0133999,0.00192176,0.999998,-0.000368836,-0.0133992,0.000394554,0.99991
405,406,-0.0220539,0.00961291,-0.0213515,0.99863,-0.00226356,0.0522854,0.0026306,0.999972,-0.00695219,-0.0522682,0.0070802,0.998608
406,407,-0.00314674,0.000696037,-0.0250659,0.999644,-0.00145927,0.0266463,0.00147669,0.999999,-0.000634149,-0.0266453,0.000673271,0.999645
407,408,-0.0129111,0.0107539,-0.0173464,0.999803,0.000686916,0.0198607,-0.000576296,0.999984,-0.00557498,-0.0198642,0.00556243,0.999787
408,409,-0.00174378,-0.00209198,-0.0183058,0.999622,-0.00434029,0.0271513,0.00423365,0.999983,0.00398389,-0.0271681,-0.00386744,0.999623
409,410,0.0321075,0.0435303,0.0297183,0.999905,-0.00348457,0.0133698,0.00367325,0.999894,-0.0141137,-0.0133192,0.0141615,0.999811
410,411,-0.0237856,0.0294141,0.022018,0.999793,0.00914813,0.0181531,-0.00887909,0.99985,-0.0148465,-0.0182862,0.0146822,0.999725
411,412,0.00731491,-0.00159671,-0.0197756,0.99974,-0.00329161,0.0225844,0.0032617,0.999994,0.00136096,-0.0225888,-0.00128694,0.999744
412,413,-0.000674176,0.00489443,-0.0129063,0.999908,-0.000632401,0.0135262,0.000581908,0.999993,0.0037366,-0.0135285,-0.00372838,0.999902
413,414,0.00120798,-0.0030439,-0.00496446,0.999935,-0.00207919,0.0112027,0.00205836,0.999996,0.00187102,-0.0112066,-0.00184784,0.999935
414,415,0.000911758,0.000152556,-0.0233773,0.999652,-0.00411374,0.0260735,0.00405827,0.999989,0.00217966,-0.0260821,-0.00207308,0.999658
415,416,0,0,0,1,0,0,0,1,0,0,0,1
416,417,0.00251011,-0.0928453,0.0939451,0.998866,-0.0323394,0.034935,0.0299871,0.997377,0.0658785,-0.0369739,-0.0647562,0.997216
417,418,0.00488475,-0.0360707,0.0434708,0.999964,-0.00844017,0.00122556,0.00838196,0.999101,0.0415534,-0.00157518,-0.0415416,0.999136
418,419,0.00550604,0.108129,0.1022,0.998192,0.0477125,0.0365639,-0.0465662,0.998416,-0.0315857,-0.038013,0.029826,0.998832
419,420,-0.00137193,0.000310068,-0.00952248,0.999904,-0.000249845,0.0138845,0.000241486,1,0.00060372,-0.0138846,-0.000600309,0.999903
420,421,-0.00104077,0.00210232,-0.0167663,0.999907,-0.00238249,0.0134219,0.0024051,0.999996,-0.00166872,-0.0134179,0.00170084,0.999909
421,422,-0.027402,-0.0167766,-0.0553562,0.999508,0.00910713,0.0300217,-0.00943795,0.999896,0.010896,-0.0299194,-0.011174,0.99949
422,423,-0.00368941,0.000185076,-0.0176886,0.999608,0.00041758,0.027992,-0.000464604,0.999998,0.00167342,-0.0279912,-0.00168577,0.999607
423,424,-0.000474652,0.000269412,-0.0156568,0.999904,-0.00223937,0.0136429,0.00222527,0.999997,0.00104861,-0.0136452,-0.00101815,0.999906
424,425,-0.0160257,0.00400416,0.00588696,0.999397,0.00689834,0.0340354,-0.00714866,0.999948,0.00723839,-0.0339837,-0.00747733,0.999394
425,426,0.00334823,0.00181958,-0.0146274,0.999935,-0.000692616,0.0113754,0.000727474,0.999995,-0.00306049,-0.0113732,0.00306856,0.999931
426,427,0.000189453,0.00282002,-0.0102871,0.999913,-0.00124824,0.0131412,0.00123374,0.999999,0.00111157,-0.0131426,-0.00109526,0.999913
427,428,0,0,0,1,0,0,0,1,0,0,0,1
428,429,0,0,0,1,0,0,0,1,0,0,0,1
429,430,0,0,0,1,0,0,0,1,0,0,0,1
430,431,-0.0173473,0.0205829,0.0191567,0.999467,0.0085151,0.0315192,-0.0085456,0.999963,0.000833222,-0.0315109,-0.00110213,0.999503
431,432,-0.0115276,-0.0311798,-0.0335778,0.998885,0.0113504,0.0458179,-0.0122548,0.999735,0.019506,-0.0455844,-0.0200457,0.998759
432,433,0.00469792,-0.0121244,-0.0272489,0.999935,-0.000219784,0.0113934,0.000173694,0.999992,0.00404624,-0.0113941,-0.004044,0.999927
433,434,0,0,0,1,0,0,0,1,0,0,0,1
434,435,0.0536643,0.0344478,-0.0288386,0.999907,-0.00487203,0.0126998,0.00499545,0.99994,-0.00970483,-0.0126518,0.00976738,0.999872
435,436,0,0,0,1,0,0,0,1,0,0,0,1
436,437,-0.00598083,-0.000446169,-0.0176707,0.999741,9.35308e-05,0.0227599,-0.00013026,0.999999,0.00161229,-0.0227598,-0.00161483,0.99974
437,438,0.0226678,0.0285353,-0.0283065,0.999892,-0.00800404,0.0123578,0.00822278,0.999809,-0.0177524,-0.0122134,0.017852,0.999766
438,439,0.0199174,0.0472682,0.00127857,0.999795,-0.0154981,0.0129949,0.0157494,0.999687,-0.019459,-0.0126892,0.0196597,0.999726
439,440,-0.00745197,0.00185195,-0.0236819,0.999819,0.00193203,0.0189264,-0.00187235,0.999993,-0.00317053,-0.0189324,0.00313452,0.999816
440,441,0.00391182,0.0147056,-0.0547368,0.999789,-0.0128938,0.015999,0.0128525,0.999914,0.00268302,-0.0160322,-0.00247683,0.999868
441,442,-0.000702113,0.00125926,-0.010426,1,-0.000435892,0.000658408,0.000434244,0.999997,0.00250063,-0.000659496,-0.00250034,0.999997
442,443,-0.0118244,0.00828293,0.0067562,0.999991,0.00327946,0.00276598,-0.00326955,0.999988,-0.00358057,-0.00277769,0.0035715,0.99999
443,444,-0.00285156,0.000775253,-0.0427162,0.999904,-0.0019118,-0.0136997,0.00180448,0.999968,-0.00784186,0.0137143,0.00781639,0.999875
444,445,0,0,0,1,0,0,0,1,0,0,0,1
445,446,-0.00601923,0.00169332,-0.0151064,0.999993,0.00186061,0.00330356,-0.00185365,0.999996,-0.00210706,-0.00330747,0.00210092,0.999992
446,447,-0.00622818,-0.0147288,0.0120514,1,-0.000797027,6.37603e-05,0.000796097,0.999909,0.0134608,-7.44832e-05,-0.0134608,0.999909
447,448,0.00477397,0.00326423,-0.00831128,0.999999,0.000762926,0.00131066,-0.00075143,0.999961,-0.00874951,-0.00131728,0.00874851,0.999961
448,449,-0.00273721,-0.00181135,-0.000957297,1,-0.000316836,0.000117258,0.000316704,0.999999,0.00111848,-0.000117612,-0.00111845,0.999999
449,450,0.000132678,0.000704855,-0.00146863,1,0.000208236,0.000185249,-0.000208286,1,0.00026844,-0.000185193,-0.000268479,1
450,451,0.000498767,0.000476701,-0.0047884,0.999998,0.000408425,-0.00187019,-0.000407638,1,0.000421202,0.00187036,-0.000420439,0.999998
451,452,0,0,0,1,0,0,0,1,0,0,0,1
452,453,-0.000623761,-0.00224202,-0.00746619,1,-0.000201833,9.02184e-05,0.000201535,0.999995,0.00329474,-9.08829e-05,-0.00329472,0.999995
453,454,-0.000145152,0.00271548,-0.00398455,0.999998,-0.000143422,0.0017587,0.000145819,0.999999,-0.00136272,-0.00175851,0.00136298,0.999998
454,455,0.000931116,6.39401e-05,-0.0132371,0.999997,0.000612323,0.00216532,-0.000615384,0.999999,0.00141293,-0.00216445,-0.00141426,0.999997
455,456,0,0,0,1,0,0,0,1,0,0,0,1
456,457,-0.0123028,-0.0292033,-0.0642179,0.999628,0.0094975,0.02556,-0.00963529,0.99994,0.00527294,-0.0255084,-0.00551726,0.999659
457,458,-0.00808756,-0.0238988,-0.0418019,0.998705,0.0228092,0.0454717,-0.023421,0.999642,0.0129659,-0.0451597,-0.0140141,0.998881
458,459,-0.00273007,0.00319288,-0.0138011,0.999891,-0.00142559,0.014665,0.00144142,0.999998,-0.00106866,-0.0146634,0.00108968,0.999892
459,460,-0.11024,-0.0190447,0.0977436,0.996546,0.0500017,0.0663031,-0.0520586,0.998203,0.0296663,-0.0647007,-0.0330155,0.997358
460,461,-0.0120364,0.00859992,0.00354395,0.999894,-0.00129389,0.0145283,0.00140072,0.999972,-0.00734595,-0.0145184,0.00736552,0.999867
461,462,-0.016191,0.00328804,-0.00338956,0.999721,0.0131729,0.0195833,-0.0132947,0.999893,0.00610107,-0.0195008,-0.00635973,0.99979
462,463,-0.0121433,0.0129918,0.0217213,0.999904,-0.00541493,0.0127843,0.00546574,0.999977,-0.00394297,-0.0127627,0.00401246,0.999911
463,464,0,0,0,1,0,0,0,1,0,0,0,1
464,465,-0.110059,0.0349996,0.0343096,0.999312,-0.013067,0.0346982,0.0131143,0.999913,-0.00113515,-0.0346804,0.00158941,0.999397
465,466,-0.0560328,0.0101721,0.122139,0.998234,0.0311296,0.050597,-0.0303933,0.999422,-0.0152578,-0.0510427,0.013693,0.998603
466,467,0,0,0,1,0,0,0,1,0,0,0,1
467,468,0.00605424,0.0350709,0.0251195,0.9996,0.025587,0.0120399,-0.0247099,0.997373,-0.0680922,-0.0137505,0.0677675,0.997606
468,469,0,0,0,1,0,0,0,1,0,0,0,1
469,470,0,0,0,1,0,0,0,1,0,0,0,1
470,471,0.0168094,-0.0262356,0.0334196,0.999902,-0.000505616,0.013982,0.000386651,0.999964,0.00850982,-0.0139858,-0.00850359,0.999866
471,472,0,0,0,1,0,0,0,1,0,0,0,1
472,473,0.015756,0.0231308,-0.0623665,0.999989,-0.00137811,-0.00454193,0.00135146,0.999982,-0.00586565,0.00454993,0.00585944,0.999972
473,474,0.0378787,-0.00311744,-0.118355,0.999976,-0.000291323,-0.00685788,0.000308405,0.999997,0.00248988,0.00685713,-0.00249194,0.999973
474,475,0.00542261,-0.00680344,-0.00714481,0.999979,-0.000611016,-0.00651912,0.000681816,0.999941,0.0108636,0.0065121,-0.0108678,0.99992
475,476,-0.00252607,0.0015844,-0.0312765,0.999993,0.00184556,0.00324366,-0.00182371,0.999976,-0.00672726,-0.003256,0.0067213,0.999972
476,477,0.000752992,0.00906663,-0.00990172,0.999993,0.003696,-0.000425127,-0.00369765,0.999985,-0.00394849,0.000410527,0.00395004,0.999992
477,478,0.0222585,-0.0757814,0.0098956,0.9999,-0.00979187,-0.0102172,0.0101204,0.999417,0.0326123,0.00989187,-0.0327125,0.999416
478,479,-0.0016648,0.0200032,-0.0560746,0.999967,-0.0065119,0.00494597,0.00652208,0.999977,-0.0020446,-0.00493254,0.00207679,0.999986
479,480,-0.00149816,0.00500257,-0.0150856,0.999997,-0.00202942,0.00142748,0.00201684,0.99996,0.00875826,-0.00144519,-0.00875535,0.999961
480,481,-0.00761108,0.015505,-0.0433415,0.999836,-0.00495916,0.0174283,0.00536652,0.999712,-0.0234053,-0.0173072,0.023495,0.999574
481,482,-0.000589215,0.00200689,-0.0198575,0.999993,-0.00230044,0.00284341,0.00226185,0.999906,0.0134999,-0.0028742,-0.0134934,0.999905
482,483,0.00673534,0.00393294,-0.00521679,0.999999,0.000923731,0.000432331,-0.000919454,0.999952,-0.0097897,-0.000441353,0.0097893,0.999952
483,484,-0.00318283,0.0036585,-0.0014934,0.999955,-0.00348768,0.00882604,0.00352026,0.999987,-0.0036783,-0.00881309,0.00370921,0.999954
484,485,0.0153071,-0.0104908,0.00437793,0.999999,-0.00125666,-0.00023845,0.00126135,0.999783,0.0208109,0.000212246,-0.0208111,0.999783
485,486,-0.000139006,0.0032758,-0.0184281,0.999801,-0.000621595,0.0199404,0.000705863,0.999991,-0.00421922,-0.0199376,0.00423246,0.999792
486,487,-0.000298943,0.00496976,-0.0185292,0.999681,0.000252275,0.0252461,-0.000127794,0.999988,-0.0049322,-0.0252471,0.0049274,0.999669
487,488,0.0494526,0.0202362,-0.0912,0.999367,-0.00931197,0.0343295,0.0095008,0.999941,-0.00534136,-0.0342777,0.00566413,0.999396
488,489,-0.0158306,0.0100015,0.00879287,0.999482,-0.0068966,0.0314401,0.00701366,0.999969,-0.00361456,-0.0314142,0.00383319,0.999499
489,490,-0.00935195,0.00880742,-0.0130552,0.999596,-0.00206168,0.0283567,0.00184923,0.99997,0.00751645,-0.0283714,-0.00746097,0.99957
490,491,0.0358756,-0.084389,-0.029815,0.999234,0.0239379,-0.0309712,-0.0223327,0.99844,0.0511765,0.0321479,-0.0504456,0.998209
491,492,0.00143326,0.00242003,0.00925383,0.999972,-0.0033523,0.00671453,0.00332624,0.999987,0.00388835,-0.00672747,-0.00386591,0.99997
492,493,-0.000585514,0.012604,-0.0239393,0.999743,-0.00459994,0.0222138,0.00470244,0.999979,-0.00456392,-0.0221923,0.0046672,0.999743
493,494,0,0,0,1,0,0,0,1,0,0,0,1
494,495,0,0,0,1,0,0,0,1,0,0,0,1
495,496,0,0,0,1,0,0,0,1,0,0,0,1
496,497,0,0,0,1,0,0,0,1,0,0,0,1
497,498,0,0,0,1,0,0,0,1,0,0,0,1
498,499,0,0,0,1,0,0,0,1,0,0,0,1
499,500,0.0675013,0.076502,0.0215648,0.997842,-0.0584475,-0.0299316,0.0569862,0.997242,-0.0475447,0.0326279,0.0457364,0.998421
500,501,0.0201074,-0.119079,-0.070146,0.999499,-0.0279691,-0.0148411,0.0284668,0.999001,0.034455,0.0138626,-0.0348602,0.999296
501,502,-0.116966,0.00324394,-0.0561111,0.99969,0.00353305,0.0246591,-0.00350497,0.999993,-0.00118176,-0.0246631,0.00109496,0.999695
502,503,0.00268033,-0.0151748,-0.0203362,0.999981,0.00137964,-0.00608461,-0.00127239,0.999844,0.0175959,0.00610794,-0.0175878,0.999827
503,504,0.00533605,-0.00468031,-0.0166828,0.999998,-0.00211081,0.000398925,0.00211344,0.999975,-0.00670429,-0.000384764,0.00670512,0.999977
504,505,-0.00931578,-0.000461751,-0.00809704,0.999977,0.000300936,0.00677445,-0.000306332,1,0.000795512,-0.00677421,-0.000797569,0.999977
505,506,0.000430842,0.003338,-0.00983531,0.999993,0.00017767,-0.00372683,-0.0001883,0.999996,-0.00285224,0.00372631,0.00285292,0.999989
506,507,-0.00362281,0.00283066,-0.0234625,0.999996,0.00189673,0.00231818,-0.00192713,0.999911,0.0131831,-0.00229297,-0.0131875,0.99991
507,508,0.00276542,-0.0120499,-0.0165582,0.999981,0.00343779,-0.00512594,-0.00346196,0.999983,-0.00471448,0.00510964,0.00473214,0.999976
508,509,-0.00461098,0.000138103,-0.0722263,0.999979,0.000175786,0.00645661,-0.000215456,0.999981,0.00614392,-0.00645541,-0.00614518,0.99996
509,510,0,0,0,1,0,0,0,1,0,0,0,1
510,511,0.0632144,0.0417707,-0.00935598,0.999872,-0.0125833,-0.0098556,0.0123959,0.999746,-0.0188434,0.0100902,0.0187188,0.999774
511,512,0.0303096,0.00166993,0.0155322,0.99996,-0.00204735,-0.00867666,0.00205079,0.999998,0.000387467,0.00867585,-0.000405245,0.999962
512,513,0,0,0,1,0,0,0,1,0,0,0,1
513,514,-0.0244065,0.015685,-0.0191335,0.999737,0.00428246,0.0225244,-0.00369736,0.999656,-0.0259541,-0.0226278,0.025864,0.999409
514,515,0,0,0,1,0,0,0,1,0,0,0,1
515,516,0,0,0,1,0,0,0,1,0,0,0,1
516,517,0,0,0,1,0,0,0,1,0,0,0,1
517,518,-0.0213022,-0.00729256,-0.0257923,0.99999,-0.00390113,0.00225216,0.00389943,0.999992,0.000760312,-0.0022551,-0.000751522,0.999997
518,519,-0.0367588,0.00778694,0.00676239,0.999242,0.0108733,0.0373708,-0.0112193,0.999896,0.00906151,-0.0372684,-0.00947392,0.99926
519,520,-0.0133944,0.0216661,0.000796003,0.9997,-0.00279011,0.0243251,0.00285393,0.999993,-0.00258961,-0.0243176,0.00265826,0.999701
520,521,0,0,0,1,0,0,0,1,0,0,0,1
521,522,0,0,0,1,0,0,0,1,0,0,0,1
522,523,0.00145131,-0.00732244,-0.0177576,0.99994,-0.00216141,0.0107547,0.00211888,0.99999,0.00396455,-0.0107631,-0.00394153,0.999934
523,524,0.0453075,0.0142671,-0.00207697,0.999997,-0.00042354,-0.00231199,0.000394369,0.99992,-0.0126034,0.00231714,0.0126025,0.999918
524,525,0,0,0,1,0,0,0,1,0,0,0,1
525,526,-0.0140656,0.0754843,0.0518688,0.999714,0.00538708,0.0232802,-0.00456409,0.999368,-0.035261,-0.0234554,0.0351447,0.999107
526,527,-0.00112996,0.0199619,0.0171019,0.999995,-0.00296557,-0.000809376,0.00295707,0.999943,-0.0103057,0.000839892,0.0103033,0.999947
527,528,0.0233913,0.0212117,0.0314905,0.999981,0.00592577,-0.00158425,-0.00593751,0.999954,-0.00751035,0.00153967,0.00751961,0.999971
528,529,-0.0380927,0.066992,-0.00992278,0.996458,0.0829364,0.0138951,-0.0826963,0.996429,-0.0170458,-0.0152592,0.0158364,0.999758
529,530,0.0119183,0.0163452,-0.0123952,0.999906,-0.00589845,0.0124171,0.00589516,0.999983,0.000301191,-0.0124187,-0.000227962,0.999923
530,531,-0.00935453,-0.0188179,-0.0354624,0.999846,0.0006853,0.0175234,-0.000691056,1,0.0003224,-0.0175232,-0.00033446,0.999846
531,532,-0.00186043,0.0310272,-0.0499086,0.999542,-0.00323477,0.0301004,0.00407782,0.9996,-0.0279887,-0.0299979,0.0280987,0.999155
532,533,0.00667141,0.0034353,0.00458276,0.999875,0.00540447,0.0148574,-0.00563226,0.999867,0.0153325,-0.0147725,-0.0154143,0.999772
533,534,0,0,0,1,0,0,0,1,0,0,0,1
534,535,-0.00426336,0.00785809,-0.0313909,0.999997,-0.00179101,0.00147159,0.00178502,0.99999,0.00406141,-0.00147885,-0.00405877,0.999991
535,536,-0.0046141,-0.00259253,-0.00964648,0.999994,0.00328654,0.000639714,-0.0032905,0.999975,0.00629227,-0.000619018,-0.00629434,0.99998
536,537,-0.00055265,0.0039503,-0.00727582,0.999995,0.00304172,-0.000969491,-0.0030425,0.999995,-0.000806378,0.000967033,0.000809324,0.999999
537,538,-0.00490979,0.0034826,-0.0172065,0.999997,0.000170359,0.00260035,-0.000186278,0.999981,0.00612287,-0.00259926,-0.00612333,0.999978
538,539,-0.0499164,0.00358703,-0.0359097,0.999968,-0.000725893,0.00798606,0.000748273,0.999996,-0.00279976,-0.00798399,0.00280564,0.999964
539,540,0,0,0,1,0,0,0,1,0,0,0,1
540,541,-0.00324437,0.0124081,-0.00567797,0.999943,-0.0104883,-0.00219859,0.010478,0.999934,-0.00467098,0.00224744,0.00464767,0.999987
541,542,0,0,0,1,0,0,0,1,0,0,0,1
542,543,0.0156507,0.0126284,-0.0176017,0.999997,-0.00118646,0.00193122,0.00118006,0.999994,0.00331025,-0.00193514,-0.00330797,0.999993
543,544,0,0,0,1,0,0,0,1,0,0,0,1
544,545,0.00472192,0.0692565,-0.0235892,0.999948,0.00358084,-0.0095836,-0.00411803,0.998387,-0.0566336,0.00936534,0.0566701,0.998349
545,546,-0.0588893,-0.0104514,0.00298445,0.999909,0.000539384,0.013502,-0.000634858,0.999975,0.0070679,-0.0134978,-0.00707582,0.999884
546,547,0.0146386,-0.00807613,-0.0201652,0.999958,1.66282e-05,-0.00915288,5.17936e-05,0.999972,0.00747516,0.00915274,-0.00747532,0.99993
547,548,0.00251122,0.0666988,-0.00883308,0.999992,-0.000664151,-0.00388978,0.000508772,0.999207,-0.0398112,0.00391313,0.039809,0.9992
548,549,-0.0423677,0.0368421,0.0561211,0.999942,-0.00745268,0.00782106,0.00727095,0.999709,0.0230128,-0.00799029,-0.0229546,0.999705
549,550,0.0335706,0.000211578,-0.054048,0.999966,-0.00533305,-0.00623567,0.00542587,0.999873,0.0149638,0.00615508,-0.0149971,0.999869
550,551,0,0,0,1,0,0,0,1,0,0,0,1
551,552,0.119215,0.0673189,-0.0429139,0.999624,0.00923991,-0.0258108,-0.0102653,0.999152,-0.039881,0.0254204,0.0401309,0.998871
552,553,0.0629595,0.0234475,-0.0408271,0.999808,0.00469928,-0.0190018,-0.004823,0.999967,-0.00647032,0.0189707,0.00656073,0.999799
553,554,-0.0767461,-0.00111717,-0.00375115,0.999799,0.00757676,0.0185434,-0.0076446,0.999964,0.00359029,-0.0185156,-0.00373133,0.999822
554,555,-0.0490921,-0.0489506,-0.0205232,0.999931,-0.00267607,0.0114061,0.00249725,0.999874,0.0156624,-0.0114465,-0.0156329,0.999812
555,556,0.0262701,0.0181566,-0.0139584,0.999978,-0.000448257,-0.00657758,0.000370169,0.99993,-0.0118683,0.00658244,0.0118656,0.999908
556,557,0,0,0,1,0,0,0,1,0,0,0,1
557,558,0,0,0,1,0,0,0,1,0,0,0,1
558,559,-0.0108233,-0.0476737,-0.0222847,0.999915,-0.00284764,0.0127601,0.00278101,0.999982,0.00523621,-0.0127747,-0.00520028,0.999905
559,560,-0.0048129,-0.000887554,-0.0302605,0.999994,0.00194986,0.00270981,-0.00195971,0.999991,0.00363922,-0.00270269,-0.00364451,0.99999
560,561,-0.0353038,0.00105973,-0.0187618,0.999987,-0.000851057,0.0050589,0.000823804,0.999985,0.00538662,-0.00506341,-0.00538238,0.999973
561,562,-0.0223931,-0.000648718,-0.0186615,0.999992,0.00190388,0.00341388,-0.00194247,0.999934,0.0113373,-0.00339207,-0.0113439,0.99993
562,563,-0.00292035,-0.0226975,-0.0255572,0.999919,0.00420281,0.0119928,-0.00418159,0.99999,-0.00179345,-0.0120002,0.00174315,0.999926
563,564,0.0561631,0.0726791,-0.00757235,0.999949,0.00263926,-0.00975427,-0.00276981,0.999906,-0.0133944,0.00971801,0.0134207,0.999863
564,565,0.0367032,-0.0114591,-0.0229841,0.999987,0.00503709,-3.68188e-05,-0.00503634,0.999922,0.0114089,9.42834e-05,-0.0114085,0.999935
565,566,0,0,0,1,0,0,0,1,0,0,0,1
566,567,-0.0220263,-0.00936257,-0.00342773,0.999995,0.00244293,0.00204892,-0.00246422,0.999942,0.0104571,-0.00202326,-0.0104621,0.999943
567,568,-0.0128841,-0.0133286,-0.0505105,0.999757,0.0191124,0.0109967,-0.019216,0.999771,0.00939424,-0.0108146,-0.00960326,0.999895
568,569,-0.00111327,0.00284772,-0.00898671,0.999943,-0.00400266,-0.00985638,0.00399442,0.999992,-0.000855472,0.00985973,0.000816053,0.999951
569,570,0.0027161,-0.100365,-0.0281605,0.999928,-0.00671731,-0.00990576,0.00707547,0.999306,0.0365771,0.00965318,-0.0366445,0.999282
570,571,-0.0220735,0.0235399,-0.0146631,0.999971,0.00336515,0.00689884,-0.00325097,0.999859,-0.0164967,-0.00695337,0.0164738,0.99984
571,572,0,0,0,1,0,0,0,1,0,0,0,1
572,573,0.103511,0.090388,-0.0226178,0.999798,0.00907714,-0.0179071,-0.0097953,0.999134,-0.0404337,0.0175245,0.0406009,0.999022
573,574,0,0,0,1,0,0,0,1,0,0,0,1
574,575,-0.070772,0.0538465,-0.0635418,0.999508,0.0095403,0.0298828,-0.00984399,0.999901,0.0100319,-0.0297842,-0.0103211,0.999503
575,576,-0.00472065,-0.00680198,-0.0285061,0.99993,-5.0382e-05,0.011864,-1.26994e-06,0.999991,0.00435363,-0.0118641,-0.00435334,0.99992
576,577,0.00536362,0.00378836,-0.0340851,0.999885,3.1903e-05,0.0151814,6.68128e-05,0.999979,-0.00650188,-0.0151812,0.00650215,0.999864
577,578,-0.00502153,0.00554019,-0.0177142,0.999926,0.00110541,0.0121409,-0.00107453,0.999996,-0.00255045,-0.0121437,0.00253722,0.999923
578,579,-0.00373347,0.0283066,0.0176839,0.999994,-0.000929342,0.0032955,0.000958697,0.99996,-0.0089173,-0.00328708,0.00892041,0.999955
579,580,-0.0200506,0.0244049,-0.00550164,0.999799,-0.00370534,0.0196964,0.00387694,0.999955,-0.00868123,-0.0196633,0.00875585,0.999768
580,581,-0.00202136,0.0126644,-0.0228559,0.999879,-0.00461329,0.014856,0.00462397,0.999989,-0.000684792,-0.0148526,0.000753403,0.999889
581,582,-0.0152127,-0.00999735,-0.000700655,0.999691,0.00745746,0.0237131,-0.00777072,0.999883,0.0131461,-0.0236123,-0.0133263,0.999632
582,583,0,0,0,1,0,0,0,1,0,0,0,1
583,584,-0.00677928,-0.0442215,-0.0907796,0.999279,0.0126255,0.0357947,-0.0137374,0.999425,0.0309893,-0.0353828,-0.0314587,0.998879
584,585,-0.00639896,0.0355866,-0.00717024,0.999925,-0.00381931,0.0115975,0.00409411,0.999709,-0.0237634,-0.0115034,0.0238091,0.99965
585,586,0.00592048,-0.0015781,-0.023082,0.999972,-0.00426728,0.00613433,0.00423631,0.999978,0.00505321,-0.00615576,-0.00502708,0.999968
586,587,0.0757568,-0.0318855,0.0343608,0.999223,0.000951768,-0.039412,-6.11003e-05,0.999745,0.022594,0.0394234,-0.022574,0.998968
587,588,-0.00408279,0.000856952,-0.0196083,0.999919,-0.000616345,0.0127301,0.000600937,0.999999,0.00121412,-0.0127308,-0.00120637,0.999918
588,589,-0.0355327,0.0291518,0.0870893,0.998941,0.018287,0.042215,-0.018489,0.999819,0.00440056,-0.0421269,-0.00517642,0.999099
589,590,0.00322472,-0.0107705,-0.0156422,0.999925,-0.00887725,0.00845429,0.00882478,0.999942,0.00622303,-0.00850904,-0.00614795,0.999945
590,591,0.00209962,0.00603243,-0.0205852,0.999965,-0.00148127,0.00822505,0.00152483,0.999985,-0.00529245,-0.00821708,0.00530481,0.999952
591,592,0,0,0,1,0,0,0,1,0,0,0,1
592,593,0.0137977,0.0237055,-0.00128946,0.999977,-0.00608023,-0.00301757,0.00604943,0.999931,-0.0101129,0.00307885,0.0100945,0.999944
593,594,0.0375059,-0.0357461,-0.0214109,0.999886,0.00937244,-0.0118489,-0.00924098,0.999896,0.0111012,0.0119517,-0.0109904,0.999868
594,595,-0.0041955,-0.0111272,0.00024703,0.999999,0.00104724,0.0012247,-0.00106118,0.999934,0.0114404,-0.00121264,-0.0114417,0.999934
595,596,0.00587278,-0.00490151,-0.00121104,0.999994,0.00037933,-0.00350149,-0.000369013,0.999996,0.00294661,0.00350259,-0.0029453,0.99999
596,597,0.0111548,0.00263319,0.00104852,0.99998,-0.0028958,-0.00570604,0.00288579,0.999994,-0.0017615,0.00571111,0.00174499,0.999982
597,598,0.00902117,-0.00174755,-0.00135364,0.999981,-0.00402761,-0.00475269,0.00403672,0.99999,0.00190816,0.00474496,-0.00192731,0.999987
598,599,-0.00215944,0.00419298,0.00378924,0.999998,0.00198061,0.000781868,-0.00197847,0.999994,-0.0027352,-0.000787281,0.00273365,0.999996
599,600,0.00417293,0.00169764,0.00166545,0.999996,-0.000371043,-0.00280367,0.000366771,0.999999,-0.00152379,0.00280423,0.00152276,0.999995
600,601,0.00497786,0.00127731,9.10699e-05,0.999997,-0.00111034,-0.00229036,0.00111029,0.999999,-2.40775e-05,0.00229038,2.15345e-05,0.999997
601,602,-0.0067703,-0.000104906,-0.000593438,0.999993,0.000564705,0.00368434,-0.000562811,1,-0.000515007,-0.00368463,0.00051293,0.999993
602,603,-0.01227,-0.00460274,-0.00292614,0.999965,0.00427725,0.00712072,-0.0042911,0.999989,0.00193088,-0.00711238,-0.00196137,0.999973
603,604,0.000229702,0.003123,0.00304094,1,0.000422942,-0.000300161,-0.000423375,0.999999,-0.00144628,0.000299549,0.0014464,0.999999
604,605,-0.00178579,0.00167126,0.00121543,0.999999,0.000771971,0.000653251,-0.000770841,0.999998,-0.00172791,-0.000654584,0.00172741,0.999998
605,606,0.00150237,-0.000909633,0.0031253,1,-0.000172588,-0.000885269,0.000173113,1,0.000593415,0.000885166,-0.000593568,0.999999
606,607,-0.0031334,0.000600545,-0.002911,0.999998,0.0013963,0.00165543,-0.00139518,0.999999,-0.00068025,-0.00165638,0.000677939,0.999998
607,608,0.00480693,0.00198171,0.00554325,0.999996,-0.00119166,-0.00258725,0.00118918,0.999999,-0.000962664,0.00258839,0.000959584,0.999996
608,609,0.00204184,-0.00311879,-0.00168616,0.999999,0.000113947,-0.00120077,-0.000111767,0.999998,0.00181485,0.00120098,-0.00181471,0.999998
609,610,0.00086668,0.00452185,0.000348529,1,-0.000490928,-0.000129246,0.000490629,0.999997,-0.00230529,0.000130378,0.00230522,0.999997
610,611,0.00250111,-0.00107854,0.00225561,0.999998,-0.000617245,-0.00169466,0.000617762,1,0.00030458,0.00169448,-0.000305626,0.999999
611,612,0.00285316,0.00327683,0.00539453,0.999999,3.98595e-05,-0.00152612,-4.30842e-05,0.999998,-0.00211306,0.00152603,0.00211313,0.999997
612,613,-0.00383473,-0.000391849,-0.00383269,0.999997,0.00122164,0.0021775,-0.00122137,0.999999,-0.000125057,-0.00217765,0.000122397,0.999998
613,614,0.00482759,0.00272074,0.00051972,0.999994,-0.00132583,-0.00330589,0.00132203,0.999998,-0.00115219,0.00330741,0.00114781,0.999994
614,615,0.000795831,0.00112076,0.00171091,1,0.000246822,-0.000944447,-0.000247433,1,-0.000647094,0.000944287,0.000647327,0.999999
615,616,-0.0103365,-0.000911458,-0.00137158,0.999982,0.0025421,0.00551365,-0.00254261,0.999997,8.53946e-05,-0.00551342,-9.94121e-05,0.999985
616,617,0.000159716,0.000907019,0.000890478,1,-0.000250853,-0.000596545,0.000250754,1,-0.000166798,0.000596587,0.000166649,1
617,618,0.000595215,0.00360243,0.00339031,1,0.00075467,-0.000650184,-0.000756263,0.999997,-0.00245472,0.00064833,0.00245521,0.999997
618,619,-0.0021047,-0.000773961,-0.00277914,0.999999,0.000871829,0.00120701,-0.000872274,1,0.000368133,-0.00120669,-0.000369185,0.999999
619,620,-0.00117,-0.00170255,-0.00406318,0.999999,0.000871629,0.000877699,-0.000872478,0.999999,0.000966989,-0.000876855,-0.000967754,0.999999
620,621,0.000938545,0.0043897,0.00627817,0.999999,-0.000430124,-0.00165458,0.00042593,0.999997,-0.00253445,0.00165567,0.00253374,0.999995
621,622,0.00170911,-0.00303799,-0.00452022,0.999999,8.5744e-05,-0.00101201,-8.36721e-05,0.999998,0.00204719,0.00101218,-0.00204711,0.999997
622,623,0.00335313,0.00402062,0.0022607,0.999988,-0.00297119,-0.00395909,0.0029622,0.999993,-0.00227518,0.00396582,0.00226342,0.99999
623,624,-0.00132997,0.00139052,-0.000845959,0.999992,0.00016754,-0.00398915,-0.000171161,1,-0.000907459,0.003989,0.000908135,0.999992
624,625,-0.00156623,-0.00114683,0.00121814,0.999999,-0.000299476,-0.00154536,0.000299231,1,-0.000158797,0.00154541,0.000158334,0.999999
625,626,-0.0181369,0.00188562,-0.00610664,0.999977,0.00266174,0.00624605,-0.00266742,0.999996,0.000901451,-0.00624363,-0.000918091,0.99998
626,627,-0.086324,0.0427879,0.00631823,0.999636,-0.00413852,0.0266645,0.00452721,0.999884,-0.0145333,-0.0266013,0.0146487,0.999539
627,628,-0.00343287,0.00807583,-0.0117615,0.999981,0.00273198,-0.00545655,-0.00272533,0.999996,0.00122528,0.00545987,-0.00121038,0.999984
628,629,-0.0178534,-0.00727534,-0.00375991,0.999971,0.00478779,0.00589767,-0.00483553,0.999955,0.00810669,-0.0058586,-0.00813498,0.99995
629,630,0.000639251,-0.000570132,-0.0258269,0.999993,0.000151925,-0.00378032,-0.000139544,0.999995,0.00327525,0.00378079,-0.0032747,0.999987
630,631,-0.00458267,0.00677701,-0.0108465,1,6.64849e-05,-0.000143456,-6.60479e-05,0.999995,0.00304419,0.000143658,-0.00304418,0.999995
631,632,0,0,0,1,0,0,0,1,0,0,0,1
632,633,0.0175088,-0.00425941,0.00802204,0.999973,0.00179991,-0.0071441,-0.00181628,0.999996,-0.00228505,0.00713996,0.00229796,0.999972
633,634,0.00831832,0.0105123,-0.0246259,0.999988,-0.00360653,-0.00323484,0.00357153,0.999936,-0.0107607,0.00327344,0.010749,0.999937
634,635,-0.00716864,0.00684603,-0.0311536,0.999987,0.00204653,0.00473374,-0.00212332,0.999865,0.0162758,-0.00469979,-0.0162857,0.999856
635,636,0,0,0,1,0,0,0,1,0,0,0,1
636,637,0.0621077,-0.0162503,0.0596589,0.9977,-0.0234784,-0.0635905,0.0249186,0.999448,0.0219517,0.06304,-0.0234858,0.997735
637,638,0.0284618,0.0296924,-0.0483449,0.99915,-0.0366915,-0.0187648,0.0364006,0.999215,-0.0156179,0.0193231,0.0149216,0.999702
638,639,0.00718061,-0.0837031,-0.0112999,0.999688,0.0101655,-0.022814,-0.00945003,0.999467,0.031252,0.0231195,-0.0310267,0.999251
639,640,0,0,0,1,0,0,0,1,0,0,0,1
640,641,0.103434,-0.0399906,-0.0453341,0.996467,-0.0505471,-0.0670637,0.05278,0.998095,0.0319508,0.0653209,-0.0353776,0.997237
641,642,-0.00260163,0.0254014,0.0213723,0.999473,-0.0106629,-0.030655,0.0103856,0.999904,-0.00919082,0.03075,0.00886761,0.999488
642,643,-0.00314685,-0.00243466,-0.00317111,0.99997,0.00319727,-0.00703264,-0.00319023,0.999994,0.00101258,0.00703584,-0.000990116,0.999975
643,644,0.00802484,0.00421017,0.00683663,0.999889,8.74536e-05,-0.0148818,-0.000124203,0.999997,-0.0024685,0.0148815,0.00247008,0.999886
644,645,-0.000480927,-0.0099702,-0.00364078,0.999965,0.00825614,-0.00111951,-0.00825515,0.999966,0.000885882,0.00112679,-0.00087661,0.999999
645,646,-0.00430924,0.0017553,-0.00378629,0.999991,0.000516917,0.00409592,-0.000507358,0.999997,-0.00233449,-0.00409711,0.00233239,0.999989
646,647,-0.00630127,-0.00503864,-0.00124591,0.999995,0.00230475,0.00231464,-0.00231538,0.999987,0.00459789,-0.00230401,-0.00460322,0.999987
647,648,0.00595942,0.00742199,0.00597537,0.999984,-0.00271281,-0.00504749,0.00270426,0.999995,-0.00169985,0.00505208,0.00168618,0.999986
648,649,0.0070819,-0.0236868,0.00491289,0.999951,0.00501713,-0.00848878,-0.00490317,0.999898,0.0133934,0.00855511,-0.0133511,0.999874
649,650,-0.00770047,-0.00659234,-0.00935182,0.999945,0.00643169,0.00827405,-0.00644306,0.999978,0.0013479,-0.0082652,-0.00140114,0.999965
650,651,0.0496216,-0.0198536,-0.0303791,0.999713,-0.0193795,-0.0140893,0.0194966,0.999776,0.00821761,0.0139269,-0.00848995,0.999867
651,652,-0.000951355,-0.00171154,-0.00301991,0.99998,0.0020241,0.00604157,-0.00202129,0.999998,-0.000471467,-0.00604251,0.000459245,0.999982
652,653,-0.00975435,-0.00281505,-0.00582584,0.999959,0.00343379,0.0083758,-0.00342603,0.999994,-0.000940109,-0.00837897,0.000911375,0.999964
653,654,0.00373541,-0.0011692,3.59791e-05,0.999996,-0.00227777,0.00191823,0.00227529,0.999997,0.00129016,-0.00192117,-0.00128579,0.999997
654,655,0.00666608,0.00142011,0.00373229,0.999996,0.000680619,-0.00277377,-0.000688159,0.999996,-0.00271858,0.00277191,0.00272048,0.999992
655,656,-0.0105138,0.00400448,-0.00265936,0.999918,0.00473616,0.0119035,-0.00471183,0.999987,-0.00207141,-0.0119131,0.00201516,0.999927
656,657,-0.00553091,-0.00245106,0.000163472,0.999908,0.000362316,0.0135756,-0.000392134,0.999998,0.00219384,-0.0135747,-0.00219896,0.999905
657,658,-0.0120569,0.00819259,0.0228361,0.998808,0.00625303,0.0484136,-0.00584123,0.999946,-0.00864268,-0.048465,0.00834958,0.99879
658,659,-0.0193583,0.0271809,0.00912554,0.999308,-0.0127518,0.0349529,0.0131449,0.999853,-0.0110418,-0.0348069,0.0114937,0.999328
659,660,0.00876029,0.00554244,0.00309454,0.999768,-0.00359646,0.0212568,0.00364762,0.999991,-0.0023684,-0.021248,0.00244539,0.999771
660,661,-0.0115134,-0.0328871,-0.057054,0.999107,0.0387511,0.0168654,-0.0388834,0.999215,0.00759201,-0.016558,-0.00824101,0.999829
661,662,0.00292418,0.00618836,0.00242656,0.999941,-0.000127553,0.0108787,0.0001928,0.999982,-0.00599687,-0.0108778,0.00599861,0.999923
662,663,0.00574419,-0.00171987,0.00281309,0.999737,-0.00468213,0.0224513,0.00462982,0.999986,0.00238132,-0.0224621,-0.00227675,0.999745
663,664,0.00801024,-0.00362461,0.00040547,0.999341,-0.00649979,0.0357148,0.00642804,0.999977,0.00212363,-0.0357278,-0.00189266,0.99936
664,665,0,0,0,1,0,0,0,1,0,0,0,1
665,666,-0.00553448,-0.00425226,-0.00470944,0.999938,-0.00186156,0.0109368,0.00180934,0.999987,0.00478193,-0.0109455,-0.00476185,0.999929
666,667,-0.00580453,0.024702,0.00535948,0.999968,-0.00261377,0.00751759,0.00267279,0.999966,-0.00785279,-0.00749681,0.00787264,0.999941
667,668,0,0,0,1,0,0,0,1,0,0,0,1
668,669,0.0377397,-0.0513039,-0.0219967,0.999964,-0.00639725,0.00555371,0.00631077,0.999861,0.0154515,-0.00565178,-0.0154159,0.999865
669,670,0.00871815,0.00366397,-0.00423103,0.999655,-0.000771883,0.0262671,0.000945371,0.999978,-0.00659296,-0.0262614,0.00661552,0.999633
670,671,-0.00558785,-0.0107156,-0.0267768,0.998186,0.0195966,0.0569357,-0.0197522,0.999803,0.00217088,-0.0568819,-0.00329154,0.998375
671,672,0.0210858,-0.0272651,0.0647385,0.999986,-0.000667189,-0.00532777,0.000672769,0.999999,0.00104577,0.00532707,-0.00104934,0.999985
672,673,0,0,0,1,0,0,0,1,0,0,0,1
673,674,0.0147645,-0.0488115,-0.0703666,0.999927,-0.0107402,-0.005451,0.010896,0.999508,0.0294067,0.00513248,-0.029464,0.999553
674,675,0.0161264,-0.0284677,-0.0176217,0.999937,-0.00204154,0.0110614,0.00185702,0.999859,0.016666,-0.0110938,-0.0166444,0.9998
675,676,0.0242566,-0.0391317,-0.00979582,0.999986,-0.00531464,0.000505158,0.00530384,0.999798,0.0194113,-0.00060822,-0.0194084,0.999811
676,677,0.089605,0.00967173,0.0408097,0.99951,-0.0181878,-0.0254809,0.018037,0.999818,-0.00613878,0.0255879,0.00567617,0.999656
677,678,-0.0153948,-0.0731199,-0.045169,0.999825,-0.0136762,0.0127768,0.0132015,0.999246,0.0365199,-0.0132666,-0.0363449,0.999251
678,679,-0.0468627,-0.0233407,-0.0151206,0.998941,-0.00838487,0.0452339,0.00768481,0.999848,0.0156282,-0.0453581,-0.015264,0.998854
679,680,0.0573635,0.0302471,-0.0013745,0.999962,0.00842788,-0.00206431,-0.00844796,0.999915,-0.00992057,0.00198052,0.00993764,0.999949
680,681,-9.00068e-05,-0.000900156,0.0141404,0.999571,-7.8137e-05,0.0292893,5.33962e-05,1,0.000845486,-0.0292894,-0.000843559,0.999571
681,682,0.0431919,-0.0040571,0.0130618,0.999759,-0.00641194,-0.0210188,0.00651668,0.999967,0.00491825,0.0209865,-0.00505403,0.999767
682,683,0.0280858,0.0269306,0.0757521,0.999686,0.0249518,-0.00249079,-0.024955,0.999688,-0.00127219,0.00245827,0.00133395,0.999996
683,684,-0.0147282,-0.0239214,-0.0249024,0.998986,-0.00891817,0.0441194,0.00848668,0.999914,0.00995768,-0.0442045,-0.00957316,0.998977
684,685,0.00322395,-0.00339666,-0.00759963,0.998601,-0.00616723,0.0525078,0.00614775,0.999981,0.000532629,-0.0525101,-0.000209079,0.99862
685,686,0.00985787,-0.0011283,-0.00339959,0.999949,-0.0036768,0.00944144,0.00367134,0.999993,0.000595001,-0.00944356,-0.000560308,0.999955
686,687,-0.0156246,-0.00729584,0.00345175,0.999379,0.00200417,0.0351769,-0.00217108,0.999987,0.0047071,-0.035167,-0.00478055,0.99937
687,688,-0.0592329,0.0326477,0.0567623,0.99796,0.0153769,0.0619628,-0.0149126,0.999857,-0.00794948,-0.0620762,0.00700923,0.998047
688,689,-0.025033,-0.00710116,0.00370311,0.999593,0.00474992,0.0281239,-0.00491924,0.99997,0.00595437,-0.0280948,-0.0060903,0.999587
689,690,0.0039676,-0.00458103,-0.00488856,0.999655,-0.00481975,0.025835,0.00477849,0.999987,0.00165861,-0.0258427,-0.00153458,0.999665
690,691,0.0118384,-0.0100275,-0.0043415,0.999788,-0.00501765,0.0199858,0.0049198,0.999976,0.00494228,-0.0200102,-0.0048429,0.999788
691,692,0.000684678,0.00438473,-0.000509638,0.999652,-0.00147305,0.0263214,0.00153093,0.999996,-0.00217913,-0.0263181,0.00221867,0.999651
692,693,0.00217325,-0.00347822,-0.000440127,0.999669,-0.000783331,0.0257282,0.000759889,0.999999,0.000920915,-0.0257289,-0.00090106,0.999669
693,694,0.00132088,0.000593188,-0.00232261,0.999926,-0.000328412,0.0121735,0.00033426,1,-0.000478364,-0.0121733,0.000482397,0.999926
694,695,0.00987029,-0.0144776,-0.0167509,0.999892,-0.0122357,0.00809606,0.0122128,0.999921,0.002873,-0.00813058,-0.00277382,0.999963
695,696,0.00480743,-0.00550038,-0.00445925,0.999647,-0.00367209,0.0263254,0.00358784,0.999988,0.00324695,-0.026337,-0.00315135,0.999648
696,697,-0.00061436,-0.0077697,-0.00480435,0.999684,-0.00170552,0.0250963,0.00160172,0.99999,0.00415541,-0.0251031,-0.0041139,0.999676
697,698,0.00258125,-0.00665547,0.000345441,0.999664,-0.00444207,0.0255293,0.00433065,0.999981,0.00441807,-0.0255484,-0.00430603,0.999664
698,699,-0.00113726,0.00286754,0.0010455,0.999621,-0.00469046,0.0271441,0.00474624,0.999987,-0.001991,-0.0271344,0.00211908,0.99963
699,700,0.00110766,-0.00331167,0.00161068,0.999688,-0.00194729,0.0248946,0.00190027,0.999996,0.0019124,-0.0248982,-0.00186449,0.999688
700,701,0.0130206,-0.0418191,-0.036087,0.99931,-0.00911112,0.0359984,0.00854239,0.999837,0.0159211,-0.0361376,-0.0156026,0.999225
701,702,-0.00334687,-0.00525213,-0.00346521,0.999587,-0.00373859,0.0284785,0.00369438,0.999992,0.00160506,-0.0284843,-0.00149919,0.999593
702,703,-0.0216454,-0.0215077,-0.0357403,0.999505,0.00409771,0.031202,-0.00430923,0.999968,0.00671477,-0.0311735,-0.00684591,0.999491
703,704,0.0111544,0.00961634,0.00626579,0.999795,-0.00113924,0.0202136,0.00120929,0.999993,-0.00345399,-0.0202096,0.00347772,0.99979
704,705,0.0118206,0.0189978,0.0270729,0.999707,-0.00899611,0.02245,0.00908903,0.999951,-0.00404025,-0.0224126,0.00424312,0.99974
705,706,0,0,0,1,0,0,0,1,0,0,0,1
706,707,0,0,0,1,0,0,0,1,0,0,0,1
707,708,0,0,0,1,0,0,0,1,0,0,0,1
708,709,0.0109876,0.0337065,0.054352,0.999534,-0.0111315,0.0284321,0.0114331,0.99988,-0.0104686,-0.0283122,0.0107888,0.999541
709,710,0.00532581,-0.0408788,-0.0301843,0.999869,-0.00363555,0.0158029,0.00332496,0.999802,0.0196354,-0.0158712,-0.0195803,0.999682
710,711,0,0,0,1,0,0,0,1,0,0,0,1
711,712,-0.0214635,-0.010283,-0.0337174,0.999777,0.00599595,0.0202385,-0.00592752,0.999977,-0.00343975,-0.0202587,0.00331902,0.999789
712,713,-0.000333055,-0.00222078,-0.0262685,0.999294,-0.0054022,0.0371849,0.00558732,0.999973,-0.00487634,-0.0371575,0.00508067,0.999297
713,714,0.00165954,-0.000654376,-0.00522369,0.999216,-0.00425648,0.0393676,0.00440676,0.999983,-0.0037313,-0.039351,0.00390186,0.999218
714,715,0,0,0,1,0,0,0,1,0,0,0,1
715,716,-0.123494,-0.0332164,0.00887721,0.993884,0.0546597,0.0959543,-0.0546409,0.998502,-0.00282499,-0.095965,-0.00243532,0.995382
716,717,0.052748,-0.0451828,-0.0187736,0.9998,-0.0137431,0.0145155,0.0133219,0.999498,0.0287314,-0.0149031,-0.0285323,0.999482
717,718,-0.0212917,0.0415315,0.0798753,0.999642,-0.016938,0.0207252,0.0171767,0.999788,-0.0113938,-0.0205278,0.0117457,0.99972
718,719,1.72112e-08,0.0492614,-0.0504518,0.999713,0.00145786,0.0239301,-0.000390165,0.999007,-0.0445617,-0.0239712,0.0445395,0.99872
719,720,0,0,0,1,0,0,0,1,0,0,0,1
720,721,-0.0896631,0.0240791,0.113856,0.99674,0.0607872,0.0530426,-0.0604301,0.998138,-0.00831101,-0.053449,0.00507855,0.998558
721,722,0,0,0,1,0,0,0,1,0,0,0,1
722,723,-0.00986245,-0.00514241,-0.0124204,0.999961,0.000173633,0.00883626,-0.000213278,0.99999,0.00448588,-0.0088354,-0.00448759,0.999951
723,724,-0.00151063,-0.000519437,-0.00893284,0.999981,0.000158686,0.00613623,-0.000152251,0.999999,-0.00104913,-0.0061364,0.00104817,0.999981
724,725,-0.0027587,0.00439296,-0.0117257,0.999978,0.00148916,0.00645293,-0.00144534,0.999976,-0.00679018,-0.00646288,0.0067807,0.999956
725,726,0,0,0,1,0,0,0,1,0,0,0,1
726,727,-0.0604288,-0.0243779,-0.0189264,0.999273,0.0113936,0.0363736,-0.0117909,0.999873,0.010729,-0.0362468,-0.01115,0.999281
727,728,0,0,0,1,0,0,0,1,0,0,0,1
728,729,0.0133862,-0.00855642,-0.01872,0.999909,-0.0118109,-0.0065412,0.0119254,0.999771,0.0177409,0.00633017,-0.0178173,0.999821
729,730,-0.00313308,0.00573827,-0.0107527,0.999995,-0.0012997,0.00288334,0.00131507,0.999985,-0.00533679,-0.00287636,0.00534056,0.999982
730,731,0.00619048,-0.00687598,-0.0320161,0.999886,-0.000476738,-0.0150684,0.000412518,0.999991,-0.00426473,0.0150703,0.00425803,0.999877
731,732,-0.00460457,0.00856669,-0.0326216,0.999952,0.00483727,-0.00846341,-0.0048357,0.999988,0.000206561,0.00846431,-0.000165624,0.999964
732,733,0.00629843,-0.00454314,-0.00892978,0.999964,-0.00131129,-0.0083878,0.00131454,0.999999,0.000381462,0.0083873,-0.000392474,0.999965
733,734,0.0440346,0.0567901,-0.102675,0.999653,-0.0253377,0.00723962,0.025583,0.999021,-0.0360789,-0.00631838,0.0362516,0.999323
734,735,-0.00716514,0.00695966,-0.0279534,0.999812,0.00118499,-0.0193311,-0.00111879,0.999993,0.00343537,0.019335,-0.00341309,0.999807
735,736,-0.0253777,-0.0031233,-0.0260622,0.999736,0.00362876,-0.0227094,-0.00383935,0.99995,-0.00923621,0.0226748,0.00932096,0.999699
736,737,0.0101238,-0.0127322,-0.0159294,0.999718,-0.00632724,-0.0228919,0.00623985,0.999973,-0.00388678,0.0229159,0.00374285,0.99973
737,738,0.0203615,0.0140386,0.00983187,0.99968,-0.00605527,-0.0245493,0.00615558,0.999973,0.00401255,0.0245243,-0.00416239,0.999691
738,739,0.068194,-0.0484628,-0.066232,0.999267,0.00174839,-0.0382347,-0.000755675,0.999663,0.0259629,0.0382672,-0.025915,0.998931
739,740,0,0,0,1,0,0,0,1,0,0,0,1
740,741,-0.00898703,0.0129235,-0.00703601,0.999902,0.0127967,-0.00562974,-0.0128573,0.999858,-0.0108705,0.00548984,0.0109418,0.999925
741,742,0.000250969,0.0128132,0.0151183,0.999938,0.00306749,-0.0106931,-0.00313505,0.999975,-0.00630647,0.0106735,0.00633961,0.999923
742,743,-0.00142248,0.0108106,-0.0216687,0.999847,0.0024926,-0.0173022,-0.00258209,0.999983,-0.00515173,0.0172891,0.00519562,0.999837
743,744,0.0109992,-0.00416993,-0.0348734,0.999914,3.25597e-05,-0.0131245,1.18612e-05,0.999994,0.00338447,0.0131246,-0.00338434,0.999908
744,745,0.0913688,-0.0425982,-0.0239121,0.999748,0.00839895,-0.0207958,-0.00805275,0.999829,0.0166757,0.0209322,-0.0165041,0.999645
745,746,-0.00066761,0.00729372,-0.0166504,0.999995,0.00255236,0.0018989,-0.00255453,0.999996,0.00114291,-0.00189597,-0.00114776,0.999998
746,747,-0.00160887,0.000110137,-0.00815217,0.999998,1.67584e-06,0.00199628,-4.69678e-06,0.999999,0.00151328,-0.00199628,-0.00151329,0.999997
747,748,-0.0024148,0.00954236,-0.0179894,0.999997,-0.0012318,0.00197168,0.00124073,0.999989,-0.00453303,-0.00196608,0.00453547,0.999988
748,749,-0.000930031,0.0058755,-0.0157855,0.999997,1.17278e-05,-0.00239615,-1.62693e-05,0.999998,-0.00189532,0.00239612,0.00189535,0.999995
749,750,0.00392216,-0.00185905,-0.0356207,0.999985,-0.00396441,-0.00365359,0.00397723,0.999986,0.00350995,0.00363962,-0.00352443,0.999987
750,751,-0.00980989,0.0251714,0.031688,0.999961,0.00344019,0.0080733,-0.00343313,0.999994,-0.000888329,-0.00807631,0.000860578,0.999967
751,752,-0.00215967,0.00624846,-0.0163871,1,0.000423086,0.000588578,-0.000423248,1,0.000273901,-0.000588462,-0.00027415,1
752,753,-0.000382108,0.00343933,-0.0329798,0.999991,-0.00409333,-0.000972287,0.00409644,0.999986,0.00321744,0.000959104,-0.00322139,0.999994
753,754,-0.000334673,0.00685547,-0.0110821,1,-0.000207644,0.00022096,0.000207779,1,-0.000610141,-0.000220833,0.000610187,1
754,755,0.00179351,0.000343981,-0.0146728,0.999991,-0.0027211,-0.00322221,0.00273729,0.999984,0.00503163,0.00320847,-0.00504041,0.999982
755,756,-0.00805959,0.0150639,-0.0448444,0.999965,-0.00451997,0.00703335,0.00452909,0.999989,-0.00128243,-0.00702748,0.00131424,0.999974
756,757,0.0576163,-0.0453757,-0.0190236,0.999848,0.00678693,-0.0160749,-0.00659085,0.999904,0.0122196,0.0161563,-0.0121118,0.999796
757,758,-0.00166277,-0.000635774,-0.0179775,0.999999,-0.00150833,-0.00054674,0.00150936,0.999997,0.00189653,0.000543878,-0.00189736,0.999998
758,759,-0.00062143,0.0044664,-0.0312998,0.999999,0.000884477,0.00105829,-0.000886191,0.999998,0.00161975,-0.00105685,-0.00162068,0.999998
759,760,0.00293537,-0.00267083,-0.0249873,0.999995,-0.00305405,0.000818964,0.00305384,0.999995,0.000259228,-0.000819752,-0.000256725,1
760,761,-0.00618482,0.00772594,-0.0136449,0.999995,-0.000438624,0.00300261,0.000436096,1,0.000842357,-0.00300298,-0.000841044,0.999995
761,762,-0.0111394,-0.000989211,-0.0112586,0.999978,0.00595259,0.00308898,-0.00598091,0.999939,0.00924185,-0.00303378,-0.00926011,0.999953
762,763,-0.100777,0.0319696,-0.0319113,0.999573,-0.0029749,0.0290764,0.00320849,0.999963,-0.00799025,-0.0290515,0.00808013,0.999545
763,764,0.0378384,0.00885903,-0.0107468,0.999958,-0.00117754,-0.00907506,0.00117129,0.999999,-0.000693731,0.00907586,0.000683072,0.999959
764,765,0.00338371,0.00198806,-0.0180724,1,0.000495793,-0.00010439,-0.000495711,1,0.000783151,0.000104778,-0.000783099,1
765,766,-0.009821,-0.0345711,-0.0188788,0.999695,0.0162056,0.0186281,-0.016708,0.999492,0.0271405,-0.0181788,-0.0274435,0.999458
766,767,0.00350073,0.0025071,-0.0226215,0.999955,0.00346052,0.00879442,-0.00347094,0.999993,0.00117018,-0.00879031,-0.00120065,0.999961
767,768,0.000385125,0.000378489,-0.0192854,0.999952,-0.00236786,0.00951187,0.00228889,0.999963,0.00830469,-0.00953118,-0.00828252,0.99992
768,769,0.00845149,0.00617473,-0.0366576,0.999659,-0.0066012,0.0252811,0.00664507,0.999977,-0.00165154,-0.0252696,0.00181897,0.999679
769,770,-0.0517724,0.00551118,0.011268,0.998219,0.0264662,0.0534586,-0.0269012,0.99961,0.00743558,-0.053241,-0.00886044,0.998542
770,771,0.00240872,0.0113262,-0.033444,0.999737,-0.000877426,0.0229166,0.000959563,0.999993,-0.00357342,-0.0229133,0.00359447,0.999731
771,772,-0.00280447,-0.00815809,-0.0119252,0.99997,0.00386957,0.00673472,-0.00387353,0.999992,0.000575467,-0.00673244,-0.000601537,0.999977
772,773,0,0,0,1,0,0,0,1,0,0,0,1
773,774,0,0,0,1,0,0,0,1,0,0,0,1
774,775,0.0350774,-0.00353675,0.0103565,0.999934,-0.00747881,-0.00875425,0.007627,0.999826,0.0170188,0.00862545,-0.0170845,0.999817
775,776,0.00153301,0.134878,-0.0626074,0.999914,-0.00445316,0.0123447,0.00568714,0.994789,-0.101801,-0.011827,0.101862,0.994728
776,777,-0.00496834,-0.0295007,0.00290356,0.999906,0.00468025,0.0128963,-0.00503869,0.999598,0.0279031,-0.0127605,-0.0279654,0.999527
777,778,-0.000626897,0.00803867,-0.0286915,0.999691,-0.00372174,0.0245855,0.00379142,0.999989,-0.00278783,-0.0245748,0.00288018,0.999694
778,779,-0.00142747,0.00278551,-0.00978515,0.999978,0.00034266,0.006641,-0.000323361,0.999996,-0.00290695,-0.00664196,0.00290474,0.999974
779,780,0,0,0,1,0,0,0,1,0,0,0,1
780,781,0.0213099,-0.0605752,0.00395301,0.999874,0.0146347,-0.00622618,-0.0144751,0.999584,0.0249383,0.00658856,-0.024845,0.99967
781,782,-0.00597661,-0.0486511,-0.00532125,0.999618,0.0269567,0.00608496,-0.0270004,0.999609,0.00721948,-0.00588797,-0.00738102,0.999955
782,783,0.0106127,0.0205552,-0.0303001,0.999905,-0.00443974,0.013026,0.00456779,0.999941,-0.00981694,-0.0129816,0.00987551,0.999867
783,784,0,0,0,1,0,0,0,1,0,0,0,1
784,785,0,0,0,1,0,0,0,1,0,0,0,1
785,786,0.00778028,0.00643429,-0.015116,0.999981,0.00218081,0.00571448,-0.00221995,0.999974,0.00685108,-0.00569939,-0.00686364,0.99996
786,787,-0.0279606,0.0373777,0.0182785,0.999163,-0.00578018,0.0404904,0.00660388,0.999773,-0.020239,-0.0403643,0.0204894,0.998975
787,788,-0.00132606,-0.00768658,-0.00626131,0.999992,-0.000418367,0.00402497,0.000380616,0.999956,0.00937549,-0.00402871,-0.00937388,0.999948
788,789,0.0021938,0.00309767,-0.0324359,0.999955,-0.000288426,0.00953102,0.00030518,0.999998,-0.00175643,-0.0095305,0.00175926,0.999953
789,790,-0.00292781,0.00810586,-0.032482,0.99991,-0.00189721,0.0132464,0.0019565,0.999988,-0.00446401,-0.0132377,0.00448953,0.999902
790,791,0.000322255,0.00388073,-0.00957906,0.999988,6.55726e-05,0.00488427,-5.40287e-05,0.999997,-0.00236358,-0.00488441,0.00236329,0.999985
791,792,-0.00385555,-0.00665278,-0.00502414,0.999992,-0.000554724,0.0040578,0.000533161,0.999986,0.00531319,-0.00406069,-0.00531098,0.999978
792,793,0.0471024,0.0530291,-0.0215773,0.999969,-8.74409e-05,-0.00790378,-3.14952e-05,0.999887,-0.0150466,0.0079042,0.0150464,0.999856
793,794,-0.00331593,0.00556959,-0.0128754,0.999993,0.00166031,0.00335346,-0.00164977,0.999994,-0.00314237,-0.00335866,0.00313681,0.999989
794,795,-0.000874971,0.000742785,-0.00937903,1,-0.000266676,-9.95854e-05,0.000266794,0.999999,0.00118823,9.92684e-05,-0.00118826,0.999999
795,796,-0.00543764,0.00646732,-0.0106232,0.999997,0.00132883,0.00189955,-0.00132574,0.999998,-0.00162909,-0.00190171,0.00162656,0.999997
796,797,0.000721121,-0.00790329,-0.0170247,0.999979,0.000199488,-0.00652372,-0.000191638,0.999999,0.00120394,0.00652395,-0.00120267,0.999978
797,798,0,0,0,1,0,0,0,1,0,0,0,1
798,799,0,0,0,1,0,0,0,1,0,0,0,1
799,800,-0.0024729,-9.94851e-05,-0.0244432,0.999821,0.00217021,-0.0188048,-0.00220988,0.999995,-0.00208863,0.0188002,0.00212981,0.999821
800,801,0,0,0,1,0,0,0,1,0,0,0,1
801,802,0,0,0,1,0,0,0,1,0,0,0,1
802,803,0,0,0,1,0,0,0,1,0,0,0,1
803,804,0.0108463,-0.00279018,0.00643979,0.999942,-0.00425351,-0.0099166,0.0043595,0.999933,0.010692,0.00987046,-0.0107346,0.999894
804,805,7.11307e-05,0.0134038,-0.0100732,1,-0.00094677,-0.000259545,0.000942439,0.999868,-0.0162076,0.000274856,0.0162073,0.999869
805,806,-0.00167262,-0.00012257,-0.0132846,0.999995,0.000948407,-0.00286851,-0.000944097,0.999998,0.00150374,0.00286994,-0.00150102,0.999995
806,807,-0.00384888,0.00326077,-0.0168425,0.999963,-0.000946958,-0.0085207,0.000971965,0.999995,0.00293118,0.00851789,-0.00293935,0.999959
807,808,-0.000841074,0.000545039,-0.00909014,0.999991,-0.00222393,-0.00347894,0.00221313,0.999993,-0.00310624,0.00348582,0.00309852,0.999989
808,809,-0.0141814,-0.00522917,0.00329344,0.999942,0.00926031,0.00544231,-0.00929624,0.999935,0.00661387,-0.00538071,-0.00666408,0.999963
809,810,0.000100539,0.00282727,-0.0289676,0.999846,-0.00047433,0.0175563,0.000517607,0.999997,-0.00246055,-0.017555,0.00246926,0.999843
810,811,-0.00621604,0.00996137,-0.0512222,0.998849,-0.00652565,0.0475254,0.00643571,0.999977,0.00204512,-0.0475377,-0.00173691,0.998868
811,812,0.00837533,0.00160425,-0.0140471,0.999973,-0.00134686,0.00725032,0.00135224,0.999999,-0.000737866,-0.00724932,0.00074765,0.999973
812,813,0,0,0,1,0,0,0,1,0,0,0,1
813,814,-0.0152692,-0.0146009,0.0225566,0.99976,0.0153099,0.0156411,-0.0157323,0.999505,0.0272484,-0.0152161,-0.027488,0.999506
814,815,0,0,0,1,0,0,0,1,0,0,0,1
815,816,0,0,0,1,0,0,0,1,0,0,0,1
816,817,0,0,0,1,0,0,0,1,0,0,0,1
817,818,0.021281,0.000162047,-0.0792608,0.999977,0.00667571,-0.000705707,-0.00669046,0.999701,-0.0235181,0.000548497,0.0235223,0.999723
818,819,0.0341567,-0.00112903,-0.0244004,0.999789,-0.0140138,-0.0150172,0.0139183,0.999882,-0.00644368,0.0151057,0.00623331,0.999866
819,820,-0.00201512,-0.00200684,0.00137614,0.999999,-0.000893737,0.00103734,0.000893601,1,0.000131313,-0.00103746,-0.000130386,0.999999
820,821,0.00101086,0.00244169,-0.00143223,1,-4.681e-05,0.000120268,4.70539e-05,0.999998,-0.00202933,-0.000120173,0.00202934,0.999998
821,822,0.000492497,-0.000532711,0.0019002,1,-0.000458529,-0.000670087,0.000459496,0.999999,0.00144366,0.000669424,-0.00144397,0.999999
822,823,0.000457791,0.000613796,0.000931439,1,0.00024623,-0.000942777,-0.000247087,1,-0.000908912,0.000942553,0.000909145,0.999999
823,824,-0.00128413,-0.000129869,-0.00137281,1,0.000600773,0.000210518,-0.000600548,0.999999,-0.00106304,-0.000211157,0.00106292,0.999999
824,825,-0.00075834,0.000453047,0.00200983,1,9.93898e-05,0.000695459,-9.98598e-05,1,0.000675867,-0.000695392,-0.000675937,1
825,826,-0.00204147,-0.000231806,-0.00117917,0.999998,0.00111676,0.00133404,-0.00111703,0.999999,0.000205111,-0.00133381,-0.0002066,0.999999
826,827,0.0012814,-0.000574408,0.00212749,0.999999,0.000175359,-0.00121196,-0.000174001,0.999999,0.0011209,0.00121216,-0.00112069,0.999999
827,828,-0.0002043,0.00358277,-0.000452788,1,0.000883475,0.000111674,-0.0008832,0.999997,-0.00243964,-0.000113829,0.00243954,0.999997
828,829,0.000822862,-0.000508798,-0.000465461,0.999999,-0.00118885,0.000578049,0.00118888,0.999999,-6.36418e-05,-0.000577973,6.4329e-05,1
